timestamp,ac_power_w,energy_wh
2012-07-01T00:03:48-05:00,0.0,0.0
2012-07-01T00:08:48-05:00,0.0,0.0
2012-07-01T00:13:48-05:00,0.0,0.0
2012-07-01T00:18:48-05:00,0.0,0.0
2012-07-01T00:23:48-05:00,0.0,0.0
2012-07-01T00:28:48-05:00,0.0,0.0
2012-07-01T00:33:48-05:00,0.0,0.0
2012-07-01T00:38:48-05:00,0.0,0.0
2012-07-01T00:43:48-05:00,0.0,0.0
2012-07-01T00:48:48-05:00,0.0,0.0
2012-07-01T00:53:48-05:00,0.0,0.0
2012-07-01T00:58:48-05:00,0.0,0.0
2012-07-01T01:03:48-05:00,0.0,0.0
2012-07-01T01:08:48-05:00,0.0,0.0
2012-07-01T01:13:48-05:00,0.0,0.0
2012-07-01T01:18:48-05:00,0.0,0.0
2012-07-01T01:23:48-05:00,0.0,0.0
2012-07-01T01:28:48-05:00,0.0,0.0
2012-07-01T01:33:48-05:00,0.0,0.0
2012-07-01T01:38:48-05:00,0.0,0.0
2012-07-01T01:43:48-05:00,0.0,0.0
2012-07-01T01:48:48-05:00,0.0,0.0
2012-07-01T01:53:48-05:00,0.0,0.0
2012-07-01T01:58:48-05:00,0.0,0.0
2012-07-01T02:03:48-05:00,0.0,0.0
2012-07-01T02:08:48-05:00,0.0,0.0
2012-07-01T02:13:48-05:00,0.0,0.0
2012-07-01T02:18:48-05:00,0.0,0.0
2012-07-01T02:23:48-05:00,0.0,0.0
2012-07-01T02:28:48-05:00,0.0,0.0
2012-07-01T02:33:48-05:00,0.0,0.0
2012-07-01T02:38:48-05:00,0.0,0.0
2012-07-01T02:43:48-05:00,0.0,0.0
2012-07-01T02:48:48-05:00,0.0,0.0
2012-07-01T02:53:48-05:00,0.0,0.0
2012-07-01T02:58:48-05:00,0.0,0.0
2012-07-01T03:03:48-05:00,0.0,0.0
2012-07-01T03:08:48-05:00,0.0,0.0
2012-07-01T03:13:48-05:00,0.0,0.0
2012-07-01T03:18:48-05:00,0.0,0.0
2012-07-01T03:23:48-05:00,0.0,0.0
2012-07-01T03:28:48-05:00,0.0,0.0
2012-07-01T03:33:48-05:00,0.0,0.0
2012-07-01T03:38:48-05:00,0.0,0.0
2012-07-01T03:43:48-05:00,0.0,0.0
2012-07-01T03:48:48-05:00,0.0,0.0
2012-07-01T03:53:48-05:00,0.0,0.0
2012-07-01T03:58:48-05:00,0.0,0.0
2012-07-01T04:03:48-05:00,0.0,0.0
2012-07-01T04:08:48-05:00,0.0,0.0
2012-07-01T04:13:48-05:00,0.0,0.0
2012-07-01T04:18:48-05:00,0.0,0.0
2012-07-01T04:23:48-05:00,0.0,0.0
2012-07-01T04:28:48-05:00,0.0,0.0
2012-07-01T04:33:48-05:00,0.0,0.0
2012-07-01T04:38:48-05:00,0.0,0.0
2012-07-01T04:43:48-05:00,0.0,0.0
2012-07-01T04:48:48-05:00,0.0,0.0
2012-07-01T04:53:48-05:00,0.0,0.0
2012-07-01T04:58:48-05:00,0.0,0.0
2012-07-01T05:03:48-05:00,0.0,0.0
2012-07-01T05:08:48-05:00,0.0,0.0
2012-07-01T05:13:48-05:00,0.0,0.0
2012-07-01T05:18:48-05:00,0.0,0.0
2012-07-01T05:23:48-05:00,0.0,0.0
2012-07-01T05:28:48-05:00,39.0,1.0
2012-07-01T05:33:48-05:00,45.0,3.0
2012-07-01T05:38:48-05:00,61.0,4.0
2012-07-01T05:43:48-05:00,72.0,5.0
2012-07-01T05:48:48-05:00,78.0,6.0
2012-07-01T05:53:48-05:00,95.0,7.0
2012-07-01T05:58:48-05:00,103.0,9.0
2012-07-01T06:03:48-05:00,128.0,10.0
2012-07-01T06:08:48-05:00,143.0,11.0
2012-07-01T06:13:48-05:00,167.0,13.0
2012-07-01T06:18:48-05:00,304.0,20.0
2012-07-01T06:23:48-05:00,317.0,25.0
2012-07-01T06:28:48-05:00,389.0,25.0
2012-07-01T06:33:48-05:00,434.0,35.0
2012-07-01T06:38:48-05:00,526.0,38.0
2012-07-01T06:43:48-05:00,630.0,48.0
2012-07-01T06:48:48-05:00,653.0,54.0
2012-07-01T06:53:48-05:00,718.0,57.0
2012-07-01T06:58:48-05:00,767.0,62.0
2012-07-01T07:03:48-05:00,832.0,67.0
2012-07-01T07:08:48-05:00,868.0,72.0
2012-07-01T07:13:48-05:00,940.0,75.0
2012-07-01T07:18:48-05:00,986.0,80.0
2012-07-01T07:23:48-05:00,1013.0,83.0
2012-07-01T07:28:48-05:00,1079.0,87.0
2012-07-01T07:33:48-05:00,1131.0,92.0
2012-07-01T07:38:48-05:00,1164.0,95.0
2012-07-01T07:43:48-05:00,1197.0,99.0
2012-07-01T07:48:48-05:00,1236.0,102.0
2012-07-01T07:53:48-05:00,1317.0,105.0
2012-07-01T07:58:48-05:00,1354.0,93.0
2012-07-01T08:03:48-05:00,1406.0,115.0
2012-07-01T08:08:48-05:00,1510.0,115.0
2012-07-01T08:13:48-05:00,1447.0,121.0
2012-07-01T08:18:48-05:00,1477.0,122.0
2012-07-01T08:23:48-05:00,1620.0,102.0
2012-07-01T08:28:48-05:00,861.0,113.0
2012-07-01T08:33:48-05:00,567.0,94.0
2012-07-01T08:38:48-05:00,1765.0,109.0
2012-07-01T08:43:48-05:00,1725.0,144.0
2012-07-01T08:48:48-05:00,1103.0,144.0
2012-07-01T08:53:48-05:00,469.0,36.0
2012-07-01T08:58:48-05:00,1331.0,143.0
2012-07-01T09:03:48-05:00,1824.0,142.0
2012-07-01T09:08:48-05:00,1687.0,119.0
2012-07-01T09:13:48-05:00,1887.0,147.0
2012-07-01T09:18:48-05:00,1907.0,152.0
2012-07-01T09:23:48-05:00,1894.0,158.0
2012-07-01T09:28:48-05:00,1965.0,162.0
2012-07-01T09:33:48-05:00,1970.0,164.0
2012-07-01T09:38:48-05:00,2027.0,165.0
2012-07-01T09:43:48-05:00,2040.0,149.0
2012-07-01T09:48:48-05:00,2137.0,173.0
2012-07-01T09:53:48-05:00,2150.0,179.0
2012-07-01T09:58:48-05:00,2141.0,179.0
2012-07-01T10:03:48-05:00,2080.0,177.0
2012-07-01T10:08:48-05:00,2060.0,173.0
2012-07-01T10:13:48-05:00,2067.0,171.0
2012-07-01T10:18:48-05:00,1965.0,167.0
2012-07-01T10:23:48-05:00,1906.0,169.0
2012-07-01T10:28:48-05:00,1347.0,99.0
2012-07-01T10:33:48-05:00,2028.0,133.0
2012-07-01T10:38:48-05:00,2177.0,181.0
2012-07-01T10:43:48-05:00,1564.0,167.0
2012-07-01T10:48:48-05:00,2077.0,177.0
2012-07-01T10:53:48-05:00,2169.0,179.0
2012-07-01T10:58:48-05:00,2233.0,183.0
2012-07-01T11:03:48-05:00,2156.0,185.0
2012-07-01T11:08:48-05:00,1568.0,180.0
2012-07-01T11:13:48-05:00,2024.0,148.0
2012-07-01T11:18:48-05:00,1943.0,158.0
2012-07-01T11:23:48-05:00,1911.0,146.0
2012-07-01T11:28:48-05:00,1616.0,157.0
2012-07-01T11:33:48-05:00,1672.0,143.0
2012-07-01T11:38:48-05:00,1869.0,151.0
2012-07-01T11:43:48-05:00,1809.0,154.0
2012-07-01T11:48:48-05:00,689.0,142.0
2012-07-01T11:53:48-05:00,1976.0,85.0
2012-07-01T11:58:48-05:00,1810.0,163.0
2012-07-01T12:03:48-05:00,1939.0,153.0
2012-07-01T12:08:48-05:00,997.0,136.0
2012-07-01T12:13:48-05:00,1828.0,103.0
2012-07-01T12:18:48-05:00,1777.0,152.0
2012-07-01T12:23:48-05:00,1717.0,144.0
2012-07-01T12:28:48-05:00,865.0,125.0
2012-07-01T12:33:48-05:00,1569.0,91.0
2012-07-01T12:38:48-05:00,1970.0,145.0
2012-07-01T12:43:48-05:00,1917.0,162.0
2012-07-01T12:48:48-05:00,1826.0,152.0
2012-07-01T12:53:48-05:00,1662.0,143.0
2012-07-01T12:58:48-05:00,813.0,120.0
2012-07-01T13:03:48-05:00,752.0,65.0
2012-07-01T13:08:48-05:00,1015.0,66.0
2012-07-01T13:13:48-05:00,817.0,99.0
2012-07-01T13:18:48-05:00,1520.0,98.0
2012-07-01T13:23:48-05:00,1531.0,126.0
2012-07-01T13:28:48-05:00,1021.0,83.0
2012-07-01T13:33:48-05:00,729.0,64.0
2012-07-01T13:38:48-05:00,1484.0,106.0
2012-07-01T13:43:48-05:00,1633.0,130.0
2012-07-01T13:48:48-05:00,1586.0,137.0
2012-07-01T13:53:48-05:00,1667.0,136.0
2012-07-01T13:58:48-05:00,1715.0,144.0
2012-07-01T14:03:48-05:00,1540.0,137.0
2012-07-01T14:08:48-05:00,1447.0,123.0
2012-07-01T14:13:48-05:00,1507.0,119.0
2012-07-01T14:18:48-05:00,1629.0,131.0
2012-07-01T14:23:48-05:00,1672.0,142.0
2012-07-01T14:28:48-05:00,1551.0,111.0
2012-07-01T14:33:48-05:00,930.0,127.0
2012-07-01T14:38:48-05:00,511.0,56.0
2012-07-01T14:43:48-05:00,463.0,39.0
2012-07-01T14:48:48-05:00,685.0,47.0
2012-07-01T14:53:48-05:00,1187.0,92.0
2012-07-01T14:58:48-05:00,506.0,59.0
2012-07-01T15:03:48-05:00,467.0,43.0
2012-07-01T15:08:48-05:00,485.0,42.0
2012-07-01T15:13:48-05:00,479.0,40.0
2012-07-01T15:18:48-05:00,634.0,48.0
2012-07-01T15:23:48-05:00,690.0,53.0
2012-07-01T15:28:48-05:00,679.0,58.0
2012-07-01T15:33:48-05:00,628.0,54.0
2012-07-01T15:38:48-05:00,693.0,55.0
2012-07-01T15:43:48-05:00,699.0,58.0
2012-07-01T15:48:48-05:00,685.0,58.0
2012-07-01T15:53:48-05:00,740.0,59.0
2012-07-01T15:58:48-05:00,768.0,65.0
2012-07-01T16:03:48-05:00,735.0,63.0
2012-07-01T16:08:48-05:00,698.0,60.0
2012-07-01T16:13:48-05:00,650.0,56.0
2012-07-01T16:18:48-05:00,618.0,53.0
2012-07-01T16:23:48-05:00,547.0,48.0
2012-07-01T16:28:48-05:00,510.0,44.0
2012-07-01T16:33:48-05:00,451.0,40.0
2012-07-01T16:38:48-05:00,443.0,37.0
2012-07-01T16:43:48-05:00,412.0,35.0
2012-07-01T16:48:48-05:00,379.0,33.0
2012-07-01T16:53:48-05:00,365.0,31.0
2012-07-01T16:58:48-05:00,342.0,30.0
2012-07-01T17:03:48-05:00,320.0,28.0
2012-07-01T17:08:48-05:00,278.0,25.0
2012-07-01T17:13:48-05:00,245.0,22.0
2012-07-01T17:18:48-05:00,212.0,19.0
2012-07-01T17:23:48-05:00,178.0,16.0
2012-07-01T17:28:48-05:00,155.0,14.0
2012-07-01T17:33:48-05:00,138.0,12.0
2012-07-01T17:38:48-05:00,122.0,11.0
2012-07-01T17:43:48-05:00,100.0,9.0
2012-07-01T17:48:48-05:00,95.0,8.0
2012-07-01T17:53:48-05:00,78.0,7.0
2012-07-01T17:58:48-05:00,61.0,6.0
2012-07-01T18:03:48-05:00,56.0,5.0
2012-07-01T18:08:48-05:00,45.0,4.0
2012-07-01T18:13:48-05:00,39.0,3.0
2012-07-01T18:18:48-05:00,31.0,3.0
2012-07-01T18:23:48-05:00,22.0,3.0
2012-07-01T18:28:48-05:00,22.0,2.0
2012-07-01T18:33:48-05:00,11.0,1.0
2012-07-01T18:38:48-05:00,11.0,1.0
2012-07-01T18:43:48-05:00,0.0,0.0
2012-07-01T18:48:48-05:00,0.0,0.0
2012-07-01T18:53:48-05:00,0.0,0.0
2012-07-01T18:58:48-05:00,0.0,0.0
2012-07-01T19:03:48-05:00,0.0,0.0
2012-07-01T19:08:48-05:00,0.0,0.0
2012-07-01T19:13:48-05:00,0.0,0.0
2012-07-01T19:18:48-05:00,0.0,0.0
2012-07-01T19:23:48-05:00,0.0,0.0
2012-07-01T19:28:48-05:00,0.0,0.0
2012-07-01T19:33:48-05:00,0.0,0.0
2012-07-01T19:38:48-05:00,0.0,0.0
2012-07-01T19:43:48-05:00,0.0,0.0
2012-07-01T19:48:48-05:00,0.0,0.0
2012-07-01T19:53:48-05:00,0.0,0.0
2012-07-01T19:58:48-05:00,0.0,0.0
2012-07-01T20:03:48-05:00,0.0,0.0
2012-07-01T20:08:48-05:00,0.0,0.0
2012-07-01T20:13:48-05:00,0.0,0.0
2012-07-01T20:18:48-05:00,0.0,0.0
2012-07-01T20:23:48-05:00,0.0,0.0
2012-07-01T20:28:48-05:00,0.0,0.0
2012-07-01T20:33:48-05:00,0.0,0.0
2012-07-01T20:38:48-05:00,0.0,0.0
2012-07-01T20:43:48-05:00,0.0,0.0
2012-07-01T20:48:48-05:00,0.0,0.0
2012-07-01T20:53:48-05:00,0.0,0.0
2012-07-01T20:58:48-05:00,0.0,0.0
2012-07-01T21:03:48-05:00,0.0,0.0
2012-07-01T21:08:48-05:00,0.0,0.0
2012-07-01T21:13:48-05:00,0.0,0.0
2012-07-01T21:18:48-05:00,0.0,0.0
2012-07-01T21:23:48-05:00,0.0,0.0
2012-07-01T21:28:48-05:00,0.0,0.0
2012-07-01T21:33:48-05:00,0.0,0.0
2012-07-01T21:38:48-05:00,0.0,0.0
2012-07-01T21:43:48-05:00,0.0,0.0
2012-07-01T21:48:48-05:00,0.0,0.0
2012-07-01T21:53:48-05:00,0.0,0.0
2012-07-01T21:58:48-05:00,0.0,0.0
2012-07-01T22:03:48-05:00,0.0,0.0
2012-07-01T22:08:48-05:00,0.0,0.0
2012-07-01T22:13:48-05:00,0.0,0.0
2012-07-01T22:18:48-05:00,0.0,0.0
2012-07-01T22:23:48-05:00,0.0,0.0
2012-07-01T22:28:48-05:00,0.0,0.0
2012-07-01T22:33:48-05:00,0.0,0.0
2012-07-01T22:38:48-05:00,0.0,0.0
2012-07-01T22:43:48-05:00,0.0,0.0
2012-07-01T22:48:48-05:00,0.0,0.0
2012-07-01T22:53:48-05:00,0.0,0.0
2012-07-01T22:58:48-05:00,0.0,0.0
2012-07-01T23:03:48-05:00,0.0,0.0
2012-07-01T23:08:48-05:00,0.0,0.0
2012-07-01T23:13:48-05:00,0.0,0.0
2012-07-01T23:18:48-05:00,0.0,0.0
2012-07-01T23:23:48-05:00,0.0,0.0
2012-07-01T23:28:48-05:00,0.0,0.0
2012-07-01T23:33:48-05:00,0.0,0.0
2012-07-01T23:38:48-05:00,0.0,0.0
2012-07-01T23:43:48-05:00,0.0,0.0
2012-07-01T23:48:48-05:00,0.0,0.0
2012-07-01T23:53:48-05:00,0.0,0.0
2012-07-01T23:58:48-05:00,0.0,0.0
2012-07-10T00:00:47-05:00,0.0,0.0
2012-07-10T00:05:47-05:00,0.0,0.0
2012-07-10T00:10:47-05:00,0.0,0.0
2012-07-10T00:15:47-05:00,0.0,0.0
2012-07-10T00:20:47-05:00,0.0,0.0
2012-07-10T00:25:47-05:00,0.0,0.0
2012-07-10T00:30:47-05:00,0.0,0.0
2012-07-10T00:35:47-05:00,0.0,0.0
2012-07-10T00:40:47-05:00,0.0,0.0
2012-07-10T00:45:47-05:00,0.0,0.0
2012-07-10T00:50:47-05:00,0.0,0.0
2012-07-10T00:55:47-05:00,0.0,0.0
2012-07-10T01:00:47-05:00,0.0,0.0
2012-07-10T01:05:47-05:00,0.0,0.0
2012-07-10T01:10:47-05:00,0.0,0.0
2012-07-10T01:15:47-05:00,0.0,0.0
2012-07-10T01:20:47-05:00,0.0,0.0
2012-07-10T01:25:47-05:00,0.0,0.0
2012-07-10T01:30:47-05:00,0.0,0.0
2012-07-10T01:35:47-05:00,0.0,0.0
2012-07-10T01:40:47-05:00,0.0,0.0
2012-07-10T01:45:47-05:00,0.0,0.0
2012-07-10T01:50:47-05:00,0.0,0.0
2012-07-10T01:55:47-05:00,0.0,0.0
2012-07-10T02:00:47-05:00,0.0,0.0
2012-07-10T02:05:47-05:00,0.0,0.0
2012-07-10T02:10:47-05:00,0.0,0.0
2012-07-10T02:15:47-05:00,0.0,0.0
2012-07-10T02:20:39-05:00,0.0,0.0
2012-07-10T02:25:39-05:00,0.0,0.0
2012-07-10T02:30:39-05:00,0.0,0.0
2012-07-10T02:35:39-05:00,0.0,0.0
2012-07-10T02:40:39-05:00,0.0,0.0
2012-07-10T02:45:39-05:00,0.0,0.0
2012-07-10T02:50:39-05:00,0.0,0.0
2012-07-10T02:55:39-05:00,0.0,0.0
2012-07-10T03:00:39-05:00,0.0,0.0
2012-07-10T03:05:39-05:00,0.0,0.0
2012-07-10T03:10:39-05:00,0.0,0.0
2012-07-10T03:15:39-05:00,0.0,0.0
2012-07-10T03:20:39-05:00,0.0,0.0
2012-07-10T03:25:39-05:00,0.0,0.0
2012-07-10T03:30:39-05:00,0.0,0.0
2012-07-10T03:35:39-05:00,0.0,0.0
2012-07-10T03:40:39-05:00,0.0,0.0
2012-07-10T03:45:39-05:00,0.0,0.0
2012-07-10T03:50:39-05:00,0.0,0.0
2012-07-10T03:55:39-05:00,0.0,0.0
2012-07-10T04:00:39-05:00,0.0,0.0
2012-07-10T04:05:39-05:00,0.0,0.0
2012-07-10T04:10:39-05:00,0.0,0.0
2012-07-10T04:15:39-05:00,0.0,0.0
2012-07-10T04:20:39-05:00,0.0,0.0
2012-07-10T04:25:39-05:00,0.0,0.0
2012-07-10T04:30:39-05:00,0.0,0.0
2012-07-10T04:35:39-05:00,0.0,0.0
2012-07-10T04:40:39-05:00,0.0,0.0
2012-07-10T04:45:39-05:00,0.0,0.0
2012-07-10T04:50:39-05:00,0.0,0.0
2012-07-10T04:55:39-05:00,0.0,0.0
2012-07-10T05:00:39-05:00,0.0,0.0
2012-07-10T05:05:39-05:00,0.0,0.0
2012-07-10T05:10:39-05:00,0.0,0.0
2012-07-10T05:15:39-05:00,0.0,0.0
2012-07-10T05:20:39-05:00,0.0,0.0
2012-07-10T05:25:39-05:00,0.0,0.0
2012-07-10T05:30:39-05:00,0.0,0.0
2012-07-10T05:35:39-05:00,0.0,0.0
2012-07-10T05:40:39-05:00,0.0,0.0
2012-07-10T05:45:39-05:00,33.0,2.0
2012-07-10T05:50:39-05:00,50.0,4.0
2012-07-10T05:55:39-05:00,62.0,5.0
2012-07-10T06:00:39-05:00,83.0,6.0
2012-07-10T06:05:39-05:00,117.0,8.0
2012-07-10T06:10:39-05:00,150.0,11.0
2012-07-10T06:15:39-05:00,185.0,14.0
2012-07-10T06:20:39-05:00,178.0,15.0
2012-07-10T06:25:39-05:00,200.0,16.0
2012-07-10T06:30:39-05:00,234.0,18.0
2012-07-10T06:35:39-05:00,273.0,21.0
2012-07-10T06:40:39-05:00,312.0,25.0
2012-07-10T06:45:39-05:00,314.0,27.0
2012-07-10T06:50:39-05:00,314.0,26.0
2012-07-10T06:55:39-05:00,403.0,28.0
2012-07-10T07:00:39-05:00,341.0,30.0
2012-07-10T07:05:39-05:00,684.0,37.0
2012-07-10T07:10:39-05:00,483.0,70.0
2012-07-10T07:15:39-05:00,139.0,64.0
2012-07-10T07:20:39-05:00,278.0,16.0
2012-07-10T07:25:39-05:00,358.0,27.0
2012-07-10T07:30:39-05:00,376.0,30.0
2012-07-10T07:35:39-05:00,372.0,32.0
2012-07-10T07:40:39-05:00,345.0,32.0
2012-07-10T07:45:39-05:00,350.0,28.0
2012-07-10T07:50:39-05:00,289.0,26.0
2012-07-10T07:55:39-05:00,282.0,24.0
2012-07-10T08:00:39-05:00,164.0,17.0
2012-07-10T08:05:39-05:00,83.0,12.0
2012-07-10T08:10:39-05:00,56.0,5.0
2012-07-10T08:15:39-05:00,82.0,5.0
2012-07-10T08:20:39-05:00,72.0,7.0
2012-07-10T08:25:39-05:00,78.0,6.0
2012-07-10T08:30:39-05:00,61.0,6.0
2012-07-10T08:35:39-05:00,44.0,5.0
2012-07-10T08:40:39-05:00,39.0,4.0
2012-07-10T08:45:39-05:00,34.0,3.0
2012-07-10T08:50:39-05:00,28.0,3.0
2012-07-10T08:55:39-05:00,33.0,3.0
2012-07-10T09:00:39-05:00,45.0,3.0
2012-07-10T09:05:39-05:00,60.0,4.0
2012-07-10T09:10:39-05:00,67.0,5.0
2012-07-10T09:15:39-05:00,62.0,5.0
2012-07-10T09:20:39-05:00,33.0,3.0
2012-07-10T09:25:39-05:00,60.0,4.0
2012-07-10T09:30:39-05:00,154.0,9.0
2012-07-10T09:35:39-05:00,200.0,14.0
2012-07-10T09:40:39-05:00,270.0,20.0
2012-07-10T09:45:39-05:00,278.0,23.0
2012-07-10T09:50:39-05:00,273.0,23.0
2012-07-10T09:55:39-05:00,313.0,24.0
2012-07-10T10:00:39-05:00,366.0,29.0
2012-07-10T10:05:39-05:00,328.0,29.0
2012-07-10T10:10:39-05:00,359.0,28.0
2012-07-10T10:15:39-05:00,400.0,32.0
2012-07-10T10:20:39-05:00,408.0,34.0
2012-07-10T10:25:39-05:00,416.0,35.0
2012-07-10T10:30:39-05:00,418.0,35.0
2012-07-10T10:35:39-05:00,434.0,35.0
2012-07-10T10:40:39-05:00,462.0,37.0
2012-07-10T10:45:39-05:00,478.0,39.0
2012-07-10T10:50:39-05:00,518.0,41.0
2012-07-10T10:55:39-05:00,549.0,45.0
2012-07-10T11:00:39-05:00,557.0,46.0
2012-07-10T11:05:39-05:00,575.0,47.0
2012-07-10T11:10:39-05:00,628.0,50.0
2012-07-10T11:15:39-05:00,668.0,54.0
2012-07-10T11:20:39-05:00,694.0,56.0
2012-07-10T11:25:39-05:00,696.0,58.0
2012-07-10T11:30:39-05:00,743.0,59.0
2012-07-10T11:35:39-05:00,801.0,65.0
2012-07-10T11:40:39-05:00,795.0,67.0
2012-07-10T11:45:39-05:00,763.0,64.0
2012-07-10T11:50:39-05:00,774.0,64.0
2012-07-10T11:55:39-05:00,818.0,66.0
2012-07-10T12:00:39-05:00,863.0,70.0
2012-07-10T12:05:39-05:00,863.0,72.0
2012-07-10T12:10:39-05:00,813.0,70.0
2012-07-10T12:15:39-05:00,774.0,66.0
2012-07-10T12:20:39-05:00,738.0,63.0
2012-07-10T12:25:39-05:00,693.0,60.0
2012-07-10T12:30:39-05:00,685.0,58.0
2012-07-10T12:35:39-05:00,673.0,57.0
2012-07-10T12:40:39-05:00,657.0,55.0
2012-07-10T12:45:39-05:00,640.0,54.0
2012-07-10T12:50:39-05:00,621.0,53.0
2012-07-10T12:55:39-05:00,625.0,52.0
2012-07-10T13:00:39-05:00,612.0,52.0
2012-07-10T13:05:39-05:00,612.0,51.0
2012-07-10T13:10:39-05:00,608.0,51.0
2012-07-10T13:15:39-05:00,584.0,50.0
2012-07-10T13:20:39-05:00,557.0,48.0
2012-07-10T13:25:39-05:00,529.0,45.0
2012-07-10T13:30:39-05:00,507.0,43.0
2012-07-10T13:35:39-05:00,467.0,41.0
2012-07-10T13:40:39-05:00,456.0,38.0
2012-07-10T13:45:39-05:00,442.0,37.0
2012-07-10T13:50:39-05:00,447.0,37.0
2012-07-10T13:55:39-05:00,445.0,37.0
2012-07-10T14:00:39-05:00,449.0,37.0
2012-07-10T14:05:39-05:00,466.0,38.0
2012-07-10T14:10:39-05:00,447.0,39.0
2012-07-10T14:15:39-05:00,438.0,35.0
2012-07-10T14:20:39-05:00,459.0,38.0
2012-07-10T14:25:39-05:00,548.0,41.0
2012-07-10T14:30:39-05:00,618.0,49.0
2012-07-10T14:35:39-05:00,685.0,55.0
2012-07-10T14:40:39-05:00,702.0,58.0
2012-07-10T14:45:39-05:00,701.0,59.0
2012-07-10T14:50:39-05:00,696.0,58.0
2012-07-10T14:55:39-05:00,672.0,57.0
2012-07-10T15:00:39-05:00,645.0,53.0
2012-07-10T15:05:39-05:00,605.0,53.0
2012-07-10T15:10:39-05:00,640.0,50.0
2012-07-10T15:15:39-05:00,654.0,54.0
2012-07-10T15:20:39-05:00,645.0,54.0
2012-07-10T15:25:39-05:00,618.0,54.0
2012-07-10T15:30:39-05:00,628.0,53.0
2012-07-10T15:35:39-05:00,648.0,54.0
2012-07-10T15:40:39-05:00,671.0,56.0
2012-07-10T15:45:39-05:00,640.0,55.0
2012-07-10T15:50:39-05:00,662.0,54.0
2012-07-10T15:55:39-05:00,657.0,55.0
2012-07-10T16:00:39-05:00,622.0,54.0
2012-07-10T16:05:39-05:00,601.0,51.0
2012-07-10T16:10:39-05:00,673.0,52.0
2012-07-10T16:15:39-05:00,690.0,58.0
2012-07-10T16:20:39-05:00,718.0,58.0
2012-07-10T16:25:39-05:00,689.0,58.0
2012-07-10T16:30:39-05:00,668.0,56.0
2012-07-10T16:35:39-05:00,618.0,54.0
2012-07-10T16:40:39-05:00,611.0,51.0
2012-07-10T16:45:39-05:00,572.0,50.0
2012-07-10T16:50:39-05:00,528.0,45.0
2012-07-10T16:55:39-05:00,523.0,43.0
2012-07-10T17:00:39-05:00,473.0,41.0
2012-07-10T17:05:39-05:00,446.0,38.0
2012-07-10T17:10:39-05:00,384.0,35.0
2012-07-10T17:15:39-05:00,342.0,30.0
2012-07-10T17:20:39-05:00,295.0,26.0
2012-07-10T17:25:39-05:00,256.0,23.0
2012-07-10T17:30:39-05:00,245.0,21.0
2012-07-10T17:35:39-05:00,240.0,20.0
2012-07-10T17:40:39-05:00,230.0,19.0
2012-07-10T17:45:39-05:00,207.0,18.0
2012-07-10T17:50:39-05:00,192.0,17.0
2012-07-10T17:55:39-05:00,184.0,16.0
2012-07-10T18:00:39-05:00,163.0,15.0
2012-07-10T18:05:39-05:00,146.0,13.0
2012-07-10T18:10:39-05:00,125.0,11.0
2012-07-10T18:15:39-05:00,108.0,9.0
2012-07-10T18:20:39-05:00,87.0,8.0
2012-07-10T18:25:39-05:00,61.0,6.0
2012-07-10T18:30:39-05:00,44.0,4.0
2012-07-10T18:35:39-05:00,33.0,3.0
2012-07-10T18:40:39-05:00,11.0,2.0
2012-07-10T18:45:39-05:00,6.0,1.0
2012-07-10T18:50:39-05:00,0.0,0.0
2012-07-10T18:55:39-05:00,0.0,0.0
2012-07-10T19:00:39-05:00,0.0,0.0
2012-07-10T19:05:39-05:00,0.0,0.0
2012-07-10T19:10:39-05:00,0.0,0.0
2012-07-10T19:15:39-05:00,0.0,0.0
2012-07-10T19:20:39-05:00,0.0,0.0
2012-07-10T19:25:39-05:00,0.0,0.0
2012-07-10T19:30:39-05:00,0.0,0.0
2012-07-10T19:35:39-05:00,0.0,0.0
2012-07-10T19:40:39-05:00,0.0,0.0
2012-07-10T19:45:39-05:00,0.0,0.0
2012-07-10T19:50:39-05:00,0.0,0.0
2012-07-10T19:55:39-05:00,0.0,0.0
2012-07-10T20:00:39-05:00,0.0,0.0
2012-07-10T20:05:39-05:00,0.0,0.0
2012-07-10T20:10:39-05:00,0.0,0.0
2012-07-10T20:15:39-05:00,0.0,0.0
2012-07-10T20:20:39-05:00,0.0,0.0
2012-07-10T20:25:39-05:00,0.0,0.0
2012-07-10T20:30:39-05:00,0.0,0.0
2012-07-10T20:35:39-05:00,0.0,0.0
2012-07-10T20:40:39-05:00,0.0,0.0
2012-07-10T20:45:39-05:00,0.0,0.0
2012-07-10T20:50:39-05:00,0.0,0.0
2012-07-10T20:55:39-05:00,0.0,0.0
2012-07-10T21:00:39-05:00,0.0,0.0
2012-07-10T21:05:39-05:00,0.0,0.0
2012-07-10T21:10:39-05:00,0.0,0.0
2012-07-10T21:15:39-05:00,0.0,0.0
2012-07-10T21:20:39-05:00,0.0,0.0
2012-07-10T21:25:39-05:00,0.0,0.0
2012-07-10T21:30:39-05:00,0.0,0.0
2012-07-10T21:35:39-05:00,0.0,0.0
2012-07-10T21:40:39-05:00,0.0,0.0
2012-07-10T21:45:39-05:00,0.0,0.0
2012-07-10T21:50:39-05:00,0.0,0.0
2012-07-10T21:55:39-05:00,0.0,0.0
2012-07-10T22:00:39-05:00,0.0,0.0
2012-07-10T22:05:39-05:00,0.0,0.0
2012-07-10T22:10:39-05:00,0.0,0.0
2012-07-10T22:15:39-05:00,0.0,0.0
2012-07-10T22:20:39-05:00,0.0,0.0
2012-07-10T22:25:39-05:00,0.0,0.0
2012-07-10T22:30:39-05:00,0.0,0.0
2012-07-10T22:35:39-05:00,0.0,0.0
2012-07-10T22:40:39-05:00,0.0,0.0
2012-07-10T22:45:39-05:00,0.0,0.0
2012-07-10T22:50:39-05:00,0.0,0.0
2012-07-10T22:55:39-05:00,0.0,0.0
2012-07-10T23:00:39-05:00,0.0,0.0
2012-07-10T23:05:39-05:00,0.0,0.0
2012-07-10T23:10:39-05:00,0.0,0.0
2012-07-10T23:15:39-05:00,0.0,0.0
2012-07-10T23:20:39-05:00,0.0,0.0
2012-07-10T23:25:39-05:00,0.0,0.0
2012-07-10T23:30:39-05:00,0.0,0.0
2012-07-10T23:35:39-05:00,0.0,0.0
2012-07-10T23:40:39-05:00,0.0,0.0
2012-07-10T23:45:39-05:00,0.0,0.0
2012-07-10T23:50:39-05:00,0.0,0.0
2012-07-10T23:55:39-05:00,0.0,0.0
2012-07-11T00:00:39-05:00,0.0,0.0
2012-07-11T00:05:39-05:00,0.0,0.0
2012-07-11T00:10:39-05:00,0.0,0.0
2012-07-11T00:15:39-05:00,0.0,0.0
2012-07-11T00:20:39-05:00,0.0,0.0
2012-07-11T00:25:39-05:00,0.0,0.0
2012-07-11T00:30:39-05:00,0.0,0.0
2012-07-11T00:35:39-05:00,0.0,0.0
2012-07-11T00:40:39-05:00,0.0,0.0
2012-07-11T00:45:39-05:00,0.0,0.0
2012-07-11T00:50:39-05:00,0.0,0.0
2012-07-11T00:55:39-05:00,0.0,0.0
2012-07-11T01:00:39-05:00,0.0,0.0
2012-07-11T01:05:39-05:00,0.0,0.0
2012-07-11T01:10:39-05:00,0.0,0.0
2012-07-11T01:15:39-05:00,0.0,0.0
2012-07-11T01:20:39-05:00,0.0,0.0
2012-07-11T01:25:39-05:00,0.0,0.0
2012-07-11T01:30:39-05:00,0.0,0.0
2012-07-11T01:35:39-05:00,0.0,0.0
2012-07-11T01:40:39-05:00,0.0,0.0
2012-07-11T01:45:39-05:00,0.0,0.0
2012-07-11T01:50:39-05:00,0.0,0.0
2012-07-11T01:55:39-05:00,0.0,0.0
2012-07-11T02:00:39-05:00,0.0,0.0
2012-07-11T02:05:39-05:00,0.0,0.0
2012-07-11T02:10:39-05:00,0.0,0.0
2012-07-11T02:15:39-05:00,0.0,0.0
2012-07-11T02:20:39-05:00,0.0,0.0
2012-07-11T02:25:39-05:00,0.0,0.0
2012-07-11T02:30:39-05:00,0.0,0.0
2012-07-11T02:35:39-05:00,0.0,0.0
2012-07-11T02:40:39-05:00,0.0,0.0
2012-07-11T02:45:39-05:00,0.0,0.0
2012-07-11T02:50:39-05:00,0.0,0.0
2012-07-11T02:55:39-05:00,0.0,0.0
2012-07-11T03:00:39-05:00,0.0,0.0
2012-07-11T03:05:39-05:00,0.0,0.0
2012-07-11T03:10:39-05:00,0.0,0.0
2012-07-11T03:15:39-05:00,0.0,0.0
2012-07-11T03:20:39-05:00,0.0,0.0
2012-07-11T03:25:39-05:00,0.0,0.0
2012-07-11T03:30:39-05:00,0.0,0.0
2012-07-11T03:35:39-05:00,0.0,0.0
2012-07-11T03:40:39-05:00,0.0,0.0
2012-07-11T03:45:39-05:00,0.0,0.0
2012-07-11T03:50:39-05:00,0.0,0.0
2012-07-11T03:55:39-05:00,0.0,0.0
2012-07-11T04:00:39-05:00,0.0,0.0
2012-07-11T04:05:39-05:00,0.0,0.0
2012-07-11T04:10:39-05:00,0.0,0.0
2012-07-11T04:15:39-05:00,0.0,0.0
2012-07-11T04:20:39-05:00,0.0,0.0
2012-07-11T04:25:39-05:00,0.0,0.0
2012-07-11T04:30:39-05:00,0.0,0.0
2012-07-11T04:35:39-05:00,0.0,0.0
2012-07-11T04:40:39-05:00,0.0,0.0
2012-07-11T04:45:39-05:00,0.0,0.0
2012-07-11T04:50:39-05:00,0.0,0.0
2012-07-11T04:55:39-05:00,0.0,0.0
2012-07-11T05:00:39-05:00,0.0,0.0
2012-07-11T05:05:39-05:00,0.0,0.0
2012-07-11T05:10:39-05:00,0.0,0.0
2012-07-11T05:15:39-05:00,0.0,0.0
2012-07-11T05:20:39-05:00,0.0,0.0
2012-07-11T05:25:39-05:00,0.0,0.0
2012-07-11T05:30:39-05:00,33.0,0.0
2012-07-11T05:35:39-05:00,54.0,4.0
2012-07-11T05:40:39-05:00,72.0,5.0
2012-07-11T05:45:39-05:00,105.0,8.0
2012-07-11T05:50:39-05:00,114.0,9.0
2012-07-11T05:55:39-05:00,117.0,10.0
2012-07-11T06:00:39-05:00,161.0,11.0
2012-07-11T06:05:39-05:00,212.0,16.0
2012-07-11T06:10:39-05:00,344.0,24.0
2012-07-11T06:15:39-05:00,239.0,27.0
2012-07-11T06:20:39-05:00,195.0,17.0
2012-07-11T06:25:39-05:00,204.0,16.0
2012-07-11T06:30:39-05:00,204.0,17.0
2012-07-11T06:35:39-05:00,208.0,17.0
2012-07-11T06:40:39-05:00,234.0,18.0
2012-07-11T06:45:39-05:00,252.0,20.0
2012-07-11T06:50:39-05:00,265.0,22.0
2012-07-11T06:55:39-05:00,295.0,23.0
2012-07-11T07:00:39-05:00,331.0,26.0
2012-07-11T07:05:39-05:00,378.0,30.0
2012-07-11T07:10:39-05:00,414.0,33.0
2012-07-11T07:15:39-05:00,456.0,36.0
2012-07-11T07:20:39-05:00,542.0,40.0
2012-07-11T07:25:39-05:00,614.0,51.0
2012-07-11T07:30:39-05:00,723.0,57.0
2012-07-11T07:35:39-05:00,768.0,63.0
2012-07-11T07:40:39-05:00,668.0,59.0
2012-07-11T07:45:39-05:00,646.0,55.0
2012-07-11T07:50:39-05:00,628.0,53.0
2012-07-11T07:55:39-05:00,645.0,53.0
2012-07-11T08:00:39-05:00,657.0,55.0
2012-07-11T08:05:39-05:00,617.0,53.0
2012-07-11T08:10:39-05:00,546.0,48.0
2012-07-11T08:15:39-05:00,517.0,44.0
2012-07-11T08:20:39-05:00,529.0,44.0
2012-07-11T08:25:39-05:00,562.0,45.0
2012-07-11T08:30:39-05:00,600.0,48.0
2012-07-11T08:35:39-05:00,617.0,50.0
2012-07-11T08:40:39-05:00,640.0,53.0
2012-07-11T08:45:39-05:00,668.0,54.0
2012-07-11T08:50:39-05:00,722.0,58.0
2012-07-11T08:55:39-05:00,712.0,61.0
2012-07-11T09:00:39-05:00,694.0,57.0
2012-07-11T09:05:39-05:00,718.0,59.0
2012-07-11T09:10:39-05:00,696.0,60.0
2012-07-11T09:15:39-05:00,539.0,51.0
2012-07-11T09:20:39-05:00,589.0,45.0
2012-07-11T09:25:39-05:00,562.0,49.0
2012-07-11T09:30:39-05:00,529.0,44.0
2012-07-11T09:35:39-05:00,573.0,46.0
2012-07-11T09:40:39-05:00,607.0,50.0
2012-07-11T09:45:39-05:00,652.0,54.0
2012-07-11T09:50:39-05:00,601.0,53.0
2012-07-11T09:55:39-05:00,640.0,52.0
2012-07-11T10:00:39-05:00,701.0,59.0
2012-07-11T10:05:39-05:00,601.0,56.0
2012-07-11T10:10:39-05:00,828.0,61.0
2012-07-11T10:15:39-05:00,913.0,70.0
2012-07-11T10:20:39-05:00,898.0,74.0
2012-07-11T10:25:39-05:00,861.0,73.0
2012-07-11T10:30:39-05:00,902.0,73.0
2012-07-11T10:35:39-05:00,961.0,76.0
2012-07-11T10:40:39-05:00,907.0,79.0
2012-07-11T10:45:39-05:00,930.0,72.0
2012-07-11T10:50:39-05:00,1169.0,86.0
2012-07-11T10:55:39-05:00,1225.0,109.0
2012-07-11T11:00:39-05:00,2958.0,194.0
2012-07-11T11:05:39-05:00,944.0,208.0
2012-07-11T11:10:39-05:00,1993.0,117.0
2012-07-11T11:15:39-05:00,1197.0,113.0
2012-07-11T11:20:39-05:00,1241.0,108.0
2012-07-11T11:25:39-05:00,1386.0,113.0
2012-07-11T11:30:39-05:00,973.0,86.0
2012-07-11T11:35:39-05:00,1831.0,120.0
2012-07-11T11:40:39-05:00,2792.0,206.0
2012-07-11T11:45:39-05:00,2245.0,144.0
2012-07-11T11:50:39-05:00,2299.0,186.0
2012-07-11T11:55:39-05:00,2455.0,173.0
2012-07-11T12:00:39-05:00,948.0,98.0
2012-07-11T12:05:39-05:00,1326.0,141.0
2012-07-11T12:10:39-05:00,748.0,150.0
2012-07-11T12:15:39-05:00,484.0,70.0
2012-07-11T12:20:39-05:00,858.0,57.0
2012-07-11T12:25:39-05:00,1353.0,92.0
2012-07-11T12:30:39-05:00,1475.0,186.0
2012-07-11T12:35:39-05:00,2346.0,183.0
2012-07-11T12:40:39-05:00,672.0,93.0
2012-07-11T12:45:39-05:00,289.0,52.0
2012-07-11T12:50:39-05:00,54.0,7.0
2012-07-11T12:55:39-05:00,77.0,5.0
2012-07-11T13:00:39-05:00,132.0,9.0
2012-07-11T13:05:39-05:00,116.0,10.0
2012-07-11T13:10:39-05:00,132.0,10.0
2012-07-11T13:15:39-05:00,150.0,12.0
2012-07-11T13:20:39-05:00,276.0,18.0
2012-07-11T13:25:39-05:00,200.0,19.0
2012-07-11T13:30:39-05:00,160.0,15.0
2012-07-11T13:35:39-05:00,169.0,14.0
2012-07-11T13:40:39-05:00,180.0,15.0
2012-07-11T13:45:39-05:00,187.0,15.0
2012-07-11T13:50:39-05:00,185.0,16.0
2012-07-11T13:55:39-05:00,178.0,15.0
2012-07-11T14:00:39-05:00,178.0,15.0
2012-07-11T14:05:39-05:00,173.0,14.0
2012-07-11T14:10:39-05:00,167.0,14.0
2012-07-11T14:15:39-05:00,172.0,14.0
2012-07-11T14:20:39-05:00,189.0,15.0
2012-07-11T14:25:39-05:00,211.0,16.0
2012-07-11T14:30:39-05:00,245.0,19.0
2012-07-11T14:35:39-05:00,289.0,22.0
2012-07-11T14:40:39-05:00,328.0,26.0
2012-07-11T14:45:39-05:00,356.0,29.0
2012-07-11T14:50:39-05:00,381.0,31.0
2012-07-11T14:55:39-05:00,406.0,33.0
2012-07-11T15:00:39-05:00,420.0,34.0
2012-07-11T15:05:39-05:00,429.0,35.0
2012-07-11T15:10:39-05:00,432.0,36.0
2012-07-11T15:15:39-05:00,441.0,36.0
2012-07-11T15:20:39-05:00,448.0,37.0
2012-07-11T15:25:39-05:00,451.0,37.0
2012-07-11T15:30:39-05:00,451.0,38.0
2012-07-11T15:35:39-05:00,440.0,37.0
2012-07-11T15:40:39-05:00,436.0,37.0
2012-07-11T15:45:39-05:00,464.0,37.0
2012-07-11T15:50:39-05:00,467.0,40.0
2012-07-11T15:55:39-05:00,420.0,36.0
2012-07-11T16:00:39-05:00,394.0,34.0
2012-07-11T16:05:39-05:00,366.0,32.0
2012-07-11T16:10:39-05:00,410.0,33.0
2012-07-11T16:15:39-05:00,412.0,37.0
2012-07-11T16:20:39-05:00,417.0,32.0
2012-07-11T16:25:39-05:00,298.0,29.0
2012-07-11T16:30:39-05:00,300.0,24.0
2012-07-11T16:35:39-05:00,390.0,28.0
2012-07-11T16:40:39-05:00,456.0,37.0
2012-07-11T16:45:39-05:00,420.0,37.0
2012-07-11T16:50:39-05:00,417.0,35.0
2012-07-11T16:55:39-05:00,391.0,34.0
2012-07-11T17:00:39-05:00,373.0,32.0
2012-07-11T17:05:39-05:00,347.0,30.0
2012-07-11T17:10:39-05:00,356.0,30.0
2012-07-11T17:15:39-05:00,312.0,28.0
2012-07-11T17:20:39-05:00,253.0,23.0
2012-07-11T17:25:39-05:00,195.0,18.0
2012-07-11T17:30:39-05:00,160.0,15.0
2012-07-11T17:35:39-05:00,135.0,12.0
2012-07-11T17:40:39-05:00,109.0,10.0
2012-07-11T17:45:39-05:00,89.0,8.0
2012-07-11T17:50:39-05:00,67.0,6.0
2012-07-11T17:55:39-05:00,61.0,5.0
2012-07-11T18:00:39-05:00,67.0,5.0
2012-07-11T18:05:39-05:00,61.0,5.0
2012-07-11T18:10:39-05:00,49.0,5.0
2012-07-11T18:15:39-05:00,39.0,4.0
2012-07-11T18:20:39-05:00,22.0,3.0
2012-07-11T18:25:39-05:00,16.0,2.0
2012-07-11T18:30:39-05:00,11.0,1.0
2012-07-11T18:35:39-05:00,0.0,0.0
2012-07-11T18:40:39-05:00,0.0,0.0
2012-07-11T18:45:39-05:00,0.0,0.0
2012-07-11T18:50:39-05:00,0.0,0.0
2012-07-11T18:55:39-05:00,0.0,0.0
2012-07-11T19:00:39-05:00,0.0,0.0
2012-07-11T19:05:39-05:00,0.0,0.0
2012-07-11T19:10:39-05:00,0.0,0.0
2012-07-11T19:15:39-05:00,0.0,0.0
2012-07-11T19:20:39-05:00,0.0,0.0
2012-07-11T19:25:39-05:00,0.0,0.0
2012-07-11T19:30:39-05:00,0.0,0.0
2012-07-11T19:35:39-05:00,0.0,0.0
2012-07-11T19:40:39-05:00,0.0,0.0
2012-07-11T19:45:39-05:00,0.0,0.0
2012-07-11T19:50:39-05:00,0.0,0.0
2012-07-11T19:55:39-05:00,0.0,0.0
2012-07-11T20:00:39-05:00,0.0,0.0
2012-07-11T20:05:39-05:00,0.0,0.0
2012-07-11T20:10:39-05:00,0.0,0.0
2012-07-11T20:15:39-05:00,0.0,0.0
2012-07-11T20:20:39-05:00,0.0,0.0
2012-07-11T20:25:39-05:00,0.0,0.0
2012-07-11T20:30:39-05:00,0.0,0.0
2012-07-11T20:35:39-05:00,0.0,0.0
2012-07-11T20:40:39-05:00,0.0,0.0
2012-07-11T20:45:39-05:00,0.0,0.0
2012-07-11T20:50:39-05:00,0.0,0.0
2012-07-11T20:55:39-05:00,0.0,0.0
2012-07-11T21:00:39-05:00,0.0,0.0
2012-07-11T21:05:39-05:00,0.0,0.0
2012-07-11T21:10:39-05:00,0.0,0.0
2012-07-11T21:15:39-05:00,0.0,0.0
2012-07-11T21:20:39-05:00,0.0,0.0
2012-07-11T21:25:39-05:00,0.0,0.0
2012-07-11T21:30:39-05:00,0.0,0.0
2012-07-11T21:35:39-05:00,0.0,0.0
2012-07-11T21:40:39-05:00,0.0,0.0
2012-07-11T21:45:39-05:00,0.0,0.0
2012-07-11T21:50:39-05:00,0.0,0.0
2012-07-11T21:55:39-05:00,0.0,0.0
2012-07-11T22:00:39-05:00,0.0,0.0
2012-07-11T22:05:39-05:00,0.0,0.0
2012-07-11T22:10:39-05:00,0.0,0.0
2012-07-11T22:15:39-05:00,0.0,0.0
2012-07-11T22:20:31-05:00,0.0,0.0
2012-07-11T22:25:31-05:00,0.0,0.0
2012-07-11T22:30:31-05:00,0.0,0.0
2012-07-11T22:35:31-05:00,0.0,0.0
2012-07-11T22:40:31-05:00,0.0,0.0
2012-07-11T22:45:31-05:00,0.0,0.0
2012-07-11T22:50:31-05:00,0.0,0.0
2012-07-11T22:55:31-05:00,0.0,0.0
2012-07-11T23:00:31-05:00,0.0,0.0
2012-07-11T23:05:31-05:00,0.0,0.0
2012-07-11T23:10:31-05:00,0.0,0.0
2012-07-11T23:15:31-05:00,0.0,0.0
2012-07-11T23:20:31-05:00,0.0,0.0
2012-07-11T23:25:31-05:00,0.0,0.0
2012-07-11T23:30:31-05:00,0.0,0.0
2012-07-11T23:35:31-05:00,0.0,0.0
2012-07-11T23:40:31-05:00,0.0,0.0
2012-07-11T23:45:31-05:00,0.0,0.0
2012-07-11T23:50:31-05:00,0.0,0.0
2012-07-11T23:55:31-05:00,0.0,0.0
2012-07-12T00:00:31-05:00,0.0,0.0
2012-07-12T00:05:31-05:00,0.0,0.0
2012-07-12T00:10:31-05:00,0.0,0.0
2012-07-12T00:15:31-05:00,0.0,0.0
2012-07-12T00:20:31-05:00,0.0,0.0
2012-07-12T00:25:31-05:00,0.0,0.0
2012-07-12T00:30:31-05:00,0.0,0.0
2012-07-12T00:35:31-05:00,0.0,0.0
2012-07-12T00:40:31-05:00,0.0,0.0
2012-07-12T00:45:31-05:00,0.0,0.0
2012-07-12T00:50:31-05:00,0.0,0.0
2012-07-12T00:55:31-05:00,0.0,0.0
2012-07-12T01:00:31-05:00,0.0,0.0
2012-07-12T01:05:31-05:00,0.0,0.0
2012-07-12T01:10:31-05:00,0.0,0.0
2012-07-12T01:15:31-05:00,0.0,0.0
2012-07-12T01:20:31-05:00,0.0,0.0
2012-07-12T01:25:31-05:00,0.0,0.0
2012-07-12T01:30:31-05:00,0.0,0.0
2012-07-12T01:35:31-05:00,0.0,0.0
2012-07-12T01:40:31-05:00,0.0,0.0
2012-07-12T01:45:31-05:00,0.0,0.0
2012-07-12T01:50:31-05:00,0.0,0.0
2012-07-12T01:55:31-05:00,0.0,0.0
2012-07-12T02:00:31-05:00,0.0,0.0
2012-07-12T02:05:31-05:00,0.0,0.0
2012-07-12T02:10:31-05:00,0.0,0.0
2012-07-12T02:15:31-05:00,0.0,0.0
2012-07-12T02:20:31-05:00,0.0,0.0
2012-07-12T02:25:31-05:00,0.0,0.0
2012-07-12T02:30:31-05:00,0.0,0.0
2012-07-12T02:35:31-05:00,0.0,0.0
2012-07-12T02:40:31-05:00,0.0,0.0
2012-07-12T02:45:31-05:00,0.0,0.0
2012-07-12T02:50:31-05:00,0.0,0.0
2012-07-12T02:55:31-05:00,0.0,0.0
2012-07-12T03:00:31-05:00,0.0,0.0
2012-07-12T03:05:31-05:00,0.0,0.0
2012-07-12T03:10:31-05:00,0.0,0.0
2012-07-12T03:15:31-05:00,0.0,0.0
2012-07-12T03:20:31-05:00,0.0,0.0
2012-07-12T03:25:31-05:00,0.0,0.0
2012-07-12T03:30:31-05:00,0.0,0.0
2012-07-12T03:35:31-05:00,0.0,0.0
2012-07-12T03:40:31-05:00,0.0,0.0
2012-07-12T03:45:31-05:00,0.0,0.0
2012-07-12T03:50:31-05:00,0.0,0.0
2012-07-12T03:55:31-05:00,0.0,0.0
2012-07-12T04:00:31-05:00,0.0,0.0
2012-07-12T04:05:31-05:00,0.0,0.0
2012-07-12T04:10:31-05:00,0.0,0.0
2012-07-12T04:15:31-05:00,0.0,0.0
2012-07-12T04:20:31-05:00,0.0,0.0
2012-07-12T04:25:31-05:00,0.0,0.0
2012-07-12T04:30:31-05:00,0.0,0.0
2012-07-12T04:35:31-05:00,0.0,0.0
2012-07-12T04:40:31-05:00,0.0,0.0
2012-07-12T04:45:31-05:00,0.0,0.0
2012-07-12T04:50:31-05:00,0.0,0.0
2012-07-12T04:55:31-05:00,0.0,0.0
2012-07-12T05:00:31-05:00,0.0,0.0
2012-07-12T05:05:31-05:00,0.0,0.0
2012-07-12T05:10:31-05:00,0.0,0.0
2012-07-12T05:15:31-05:00,0.0,0.0
2012-07-12T05:20:31-05:00,0.0,0.0
2012-07-12T05:25:31-05:00,0.0,0.0
2012-07-12T05:30:31-05:00,0.0,0.0
2012-07-12T05:35:31-05:00,0.0,0.0
2012-07-12T05:40:31-05:00,44.0,2.0
2012-07-12T05:45:31-05:00,77.0,5.0
2012-07-12T05:50:31-05:00,122.0,9.0
2012-07-12T05:55:31-05:00,137.0,11.0
2012-07-12T06:00:31-05:00,164.0,12.0
2012-07-12T06:05:31-05:00,225.0,17.0
2012-07-12T06:10:31-05:00,272.0,21.0
2012-07-12T06:15:31-05:00,325.0,25.0
2012-07-12T06:20:31-05:00,365.0,29.0
2012-07-12T06:25:31-05:00,414.0,33.0
2012-07-12T06:30:31-05:00,463.0,37.0
2012-07-12T06:35:31-05:00,523.0,41.0
2012-07-12T06:40:31-05:00,565.0,45.0
2012-07-12T06:45:31-05:00,617.0,49.0
2012-07-12T06:50:31-05:00,667.0,54.0
2012-07-12T06:55:31-05:00,722.0,58.0
2012-07-12T07:00:31-05:00,772.0,62.0
2012-07-12T07:05:31-05:00,817.0,66.0
2012-07-12T07:10:31-05:00,865.0,70.0
2012-07-12T07:15:31-05:00,874.0,72.0
2012-07-12T07:20:31-05:00,941.0,76.0
2012-07-12T07:25:31-05:00,990.0,80.0
2012-07-12T07:30:31-05:00,1068.0,86.0
2012-07-12T07:35:31-05:00,1102.0,90.0
2012-07-12T07:40:31-05:00,1169.0,95.0
2012-07-12T07:45:31-05:00,1301.0,102.0
2012-07-12T07:50:31-05:00,1263.0,104.0
2012-07-12T07:55:31-05:00,1315.0,91.0
2012-07-12T08:00:31-05:00,1373.0,111.0
2012-07-12T08:05:31-05:00,1426.0,104.0
2012-07-12T08:10:31-05:00,1514.0,123.0
2012-07-12T08:15:31-05:00,1583.0,130.0
2012-07-12T08:20:31-05:00,1691.0,112.0
2012-07-12T08:25:31-05:00,1759.0,108.0
2012-07-12T08:30:31-05:00,540.0,107.0
2012-07-12T08:35:31-05:00,463.0,83.0
2012-07-12T08:40:31-05:00,1274.0,69.0
2012-07-12T08:45:31-05:00,1976.0,135.0
2012-07-12T08:50:31-05:00,2090.0,167.0
2012-07-12T08:55:31-05:00,1948.0,171.0
2012-07-12T09:00:31-05:00,618.0,109.0
2012-07-12T09:05:31-05:00,340.0,37.0
2012-07-12T09:10:31-05:00,2021.0,79.0
2012-07-12T09:15:31-05:00,287.0,69.0
2012-07-12T09:20:31-05:00,1467.0,27.0
2012-07-12T09:25:31-05:00,2065.0,127.0
2012-07-12T09:30:31-05:00,2044.0,171.0
2012-07-12T09:35:31-05:00,2061.0,145.0
2012-07-12T09:40:31-05:00,2262.0,53.0
2012-07-12T09:45:31-05:00,496.0,77.0
2012-07-12T09:50:31-05:00,600.0,66.0
2012-07-12T09:55:31-05:00,1175.0,94.0
2012-07-12T10:00:31-05:00,484.0,107.0
2012-07-12T10:05:31-05:00,472.0,37.0
2012-07-12T10:10:31-05:00,2427.0,139.0
2012-07-12T10:15:31-05:00,2218.0,174.0
2012-07-12T10:20:31-05:00,2147.0,181.0
2012-07-12T10:25:31-05:00,702.0,144.0
2012-07-12T10:30:31-05:00,2386.0,100.0
2012-07-12T10:35:31-05:00,2400.0,192.0
2012-07-12T10:40:31-05:00,758.0,163.0
2012-07-12T10:45:31-05:00,616.0,149.0
2012-07-12T10:50:31-05:00,2324.0,154.0
2012-07-12T10:55:31-05:00,2457.0,170.0
2012-07-12T11:00:31-05:00,2355.0,180.0
2012-07-12T11:05:31-05:00,2346.0,193.0
2012-07-12T11:10:31-05:00,918.0,137.0
2012-07-12T11:15:31-05:00,568.0,94.0
2012-07-12T11:20:31-05:00,533.0,45.0
2012-07-12T11:25:31-05:00,2585.0,101.0
2012-07-12T11:30:31-05:00,494.0,71.0
2012-07-12T11:35:31-05:00,2438.0,116.0
2012-07-12T11:40:31-05:00,2282.0,197.0
2012-07-12T11:45:31-05:00,2163.0,187.0
2012-07-12T11:50:31-05:00,2212.0,179.0
2012-07-12T11:55:31-05:00,2061.0,185.0
2012-07-12T12:00:31-05:00,2310.0,136.0
2012-07-12T12:05:31-05:00,2316.0,164.0
2012-07-12T12:10:31-05:00,2344.0,151.0
2012-07-12T12:15:31-05:00,629.0,190.0
2012-07-12T12:20:31-05:00,2373.0,115.0
2012-07-12T12:25:31-05:00,618.0,181.0
2012-07-12T12:30:31-05:00,2354.0,117.0
2012-07-12T12:35:31-05:00,1420.0,135.0
2012-07-12T12:40:31-05:00,2265.0,164.0
2012-07-12T12:45:31-05:00,791.0,125.0
2012-07-12T12:50:31-05:00,1096.0,84.0
2012-07-12T12:55:31-05:00,994.0,64.0
2012-07-12T13:00:31-05:00,534.0,61.0
2012-07-12T13:05:31-05:00,674.0,50.0
2012-07-12T13:10:31-05:00,2227.0,139.0
2012-07-12T13:15:31-05:00,1765.0,126.0
2012-07-12T13:20:31-05:00,2035.0,181.0
2012-07-12T13:25:31-05:00,2367.0,179.0
2012-07-12T13:30:31-05:00,773.0,140.0
2012-07-12T13:35:31-05:00,1022.0,100.0
2012-07-12T13:40:31-05:00,573.0,69.0
2012-07-12T13:45:31-05:00,616.0,46.0
2012-07-12T13:50:31-05:00,362.0,38.0
2012-07-12T13:55:31-05:00,325.0,26.0
2012-07-12T14:00:31-05:00,440.0,32.0
2012-07-12T14:05:31-05:00,515.0,40.0
2012-07-12T14:10:31-05:00,561.0,46.0
2012-07-12T14:15:31-05:00,627.0,49.0
2012-07-12T14:20:31-05:00,729.0,56.0
2012-07-12T14:25:31-05:00,791.0,64.0
2012-07-12T14:30:31-05:00,761.0,65.0
2012-07-12T14:35:31-05:00,851.0,66.0
2012-07-12T14:40:31-05:00,947.0,75.0
2012-07-12T14:45:31-05:00,983.0,81.0
2012-07-12T14:50:31-05:00,1066.0,86.0
2012-07-12T14:55:31-05:00,1041.0,88.0
2012-07-12T15:00:31-05:00,1023.0,85.0
2012-07-12T15:05:31-05:00,973.0,83.0
2012-07-12T15:10:31-05:00,928.0,80.0
2012-07-12T15:15:31-05:00,853.0,74.0
2012-07-12T15:20:31-05:00,839.0,70.0
2012-07-12T15:25:31-05:00,854.0,69.0
2012-07-12T15:30:31-05:00,780.0,70.0
2012-07-12T15:35:31-05:00,795.0,65.0
2012-07-12T15:40:31-05:00,767.0,65.0
2012-07-12T15:45:31-05:00,786.0,65.0
2012-07-12T15:50:31-05:00,768.0,64.0
2012-07-12T15:55:31-05:00,760.0,64.0
2012-07-12T16:00:31-05:00,746.0,64.0
2012-07-12T16:05:31-05:00,700.0,60.0
2012-07-12T16:10:31-05:00,650.0,56.0
2012-07-12T16:15:31-05:00,618.0,53.0
2012-07-12T16:20:31-05:00,596.0,51.0
2012-07-12T16:25:31-05:00,584.0,49.0
2012-07-12T16:30:31-05:00,563.0,48.0
2012-07-12T16:35:31-05:00,529.0,45.0
2012-07-12T16:40:31-05:00,495.0,43.0
2012-07-12T16:45:31-05:00,480.0,41.0
2012-07-12T16:50:31-05:00,454.0,39.0
2012-07-12T16:55:31-05:00,437.0,37.0
2012-07-12T17:00:31-05:00,404.0,35.0
2012-07-12T17:05:31-05:00,378.0,33.0
2012-07-12T17:10:31-05:00,359.0,31.0
2012-07-12T17:15:31-05:00,345.0,30.0
2012-07-12T17:20:31-05:00,328.0,28.0
2012-07-12T17:25:31-05:00,296.0,26.0
2012-07-12T17:30:31-05:00,278.0,25.0
2012-07-12T17:35:31-05:00,232.0,22.0
2012-07-12T17:40:31-05:00,177.0,18.0
2012-07-12T17:45:31-05:00,100.0,11.0
2012-07-12T17:50:31-05:00,72.0,7.0
2012-07-12T17:55:31-05:00,39.0,5.0
2012-07-12T18:00:31-05:00,16.0,3.0
2012-07-12T18:05:31-05:00,0.0,1.0
2012-07-12T18:10:31-05:00,0.0,0.0
2012-07-12T18:15:31-05:00,0.0,0.0
2012-07-12T18:20:31-05:00,0.0,0.0
2012-07-12T18:25:31-05:00,0.0,0.0
2012-07-12T18:30:31-05:00,0.0,0.0
2012-07-12T18:35:31-05:00,0.0,0.0
2012-07-12T18:40:31-05:00,0.0,0.0
2012-07-12T18:45:31-05:00,0.0,0.0
2012-07-12T18:50:31-05:00,0.0,0.0
2012-07-12T18:55:31-05:00,0.0,0.0
2012-07-12T19:00:31-05:00,0.0,0.0
2012-07-12T19:05:31-05:00,0.0,0.0
2012-07-12T19:10:31-05:00,0.0,0.0
2012-07-12T19:15:31-05:00,0.0,0.0
2012-07-12T19:20:31-05:00,0.0,0.0
2012-07-12T19:25:31-05:00,0.0,0.0
2012-07-12T19:30:31-05:00,0.0,0.0
2012-07-12T19:35:31-05:00,0.0,0.0
2012-07-12T19:40:31-05:00,0.0,0.0
2012-07-12T19:45:31-05:00,0.0,0.0
2012-07-12T19:50:31-05:00,0.0,0.0
2012-07-12T19:55:31-05:00,0.0,0.0
2012-07-12T20:00:31-05:00,0.0,0.0
2012-07-12T20:05:31-05:00,0.0,0.0
2012-07-12T20:10:31-05:00,0.0,0.0
2012-07-12T20:15:31-05:00,0.0,0.0
2012-07-12T20:20:31-05:00,0.0,0.0
2012-07-12T20:25:31-05:00,0.0,0.0
2012-07-12T20:30:31-05:00,0.0,0.0
2012-07-12T20:35:31-05:00,0.0,0.0
2012-07-12T20:40:31-05:00,0.0,0.0
2012-07-12T20:45:31-05:00,0.0,0.0
2012-07-12T20:50:31-05:00,0.0,0.0
2012-07-12T20:55:31-05:00,0.0,0.0
2012-07-12T21:00:31-05:00,0.0,0.0
2012-07-12T21:05:31-05:00,0.0,0.0
2012-07-12T21:10:31-05:00,0.0,0.0
2012-07-12T21:15:31-05:00,0.0,0.0
2012-07-12T21:20:31-05:00,0.0,0.0
2012-07-12T21:25:31-05:00,0.0,0.0
2012-07-12T21:30:31-05:00,0.0,0.0
2012-07-12T21:35:31-05:00,0.0,0.0
2012-07-12T21:40:31-05:00,0.0,0.0
2012-07-12T21:45:31-05:00,0.0,0.0
2012-07-12T21:50:31-05:00,0.0,0.0
2012-07-12T21:55:31-05:00,0.0,0.0
2012-07-12T22:00:31-05:00,0.0,0.0
2012-07-12T22:05:31-05:00,0.0,0.0
2012-07-12T22:10:31-05:00,0.0,0.0
2012-07-12T22:15:31-05:00,0.0,0.0
2012-07-12T22:20:31-05:00,0.0,0.0
2012-07-12T22:25:31-05:00,0.0,0.0
2012-07-12T22:30:31-05:00,0.0,0.0
2012-07-12T22:35:31-05:00,0.0,0.0
2012-07-12T22:40:31-05:00,0.0,0.0
2012-07-12T22:45:31-05:00,0.0,0.0
2012-07-12T22:50:31-05:00,0.0,0.0
2012-07-12T22:55:31-05:00,0.0,0.0
2012-07-12T23:00:31-05:00,0.0,0.0
2012-07-12T23:05:31-05:00,0.0,0.0
2012-07-12T23:10:31-05:00,0.0,0.0
2012-07-12T23:15:31-05:00,0.0,0.0
2012-07-12T23:20:31-05:00,0.0,0.0
2012-07-12T23:25:31-05:00,0.0,0.0
2012-07-12T23:30:31-05:00,0.0,0.0
2012-07-12T23:35:31-05:00,0.0,0.0
2012-07-12T23:40:31-05:00,0.0,0.0
2012-07-12T23:45:31-05:00,0.0,0.0
2012-07-12T23:50:31-05:00,0.0,0.0
2012-07-12T23:55:31-05:00,0.0,0.0
2012-07-13T00:00:31-05:00,0.0,0.0
2012-07-13T00:05:31-05:00,0.0,0.0
2012-07-13T00:10:31-05:00,0.0,0.0
2012-07-13T00:15:31-05:00,0.0,0.0
2012-07-13T00:20:31-05:00,0.0,0.0
2012-07-13T00:25:31-05:00,0.0,0.0
2012-07-13T00:30:31-05:00,0.0,0.0
2012-07-13T00:35:31-05:00,0.0,0.0
2012-07-13T00:40:31-05:00,0.0,0.0
2012-07-13T00:45:31-05:00,0.0,0.0
2012-07-13T00:50:31-05:00,0.0,0.0
2012-07-13T00:55:31-05:00,0.0,0.0
2012-07-13T01:00:31-05:00,0.0,0.0
2012-07-13T01:05:31-05:00,0.0,0.0
2012-07-13T01:10:31-05:00,0.0,0.0
2012-07-13T01:15:31-05:00,0.0,0.0
2012-07-13T01:20:31-05:00,0.0,0.0
2012-07-13T01:25:31-05:00,0.0,0.0
2012-07-13T01:30:31-05:00,0.0,0.0
2012-07-13T01:35:31-05:00,0.0,0.0
2012-07-13T01:40:31-05:00,0.0,0.0
2012-07-13T01:45:31-05:00,0.0,0.0
2012-07-13T01:50:31-05:00,0.0,0.0
2012-07-13T01:55:31-05:00,0.0,0.0
2012-07-13T02:00:31-05:00,0.0,0.0
2012-07-13T02:05:31-05:00,0.0,0.0
2012-07-13T02:10:31-05:00,0.0,0.0
2012-07-13T02:15:31-05:00,0.0,0.0
2012-07-13T02:20:31-05:00,0.0,0.0
2012-07-13T02:25:31-05:00,0.0,0.0
2012-07-13T02:30:31-05:00,0.0,0.0
2012-07-13T02:35:31-05:00,0.0,0.0
2012-07-13T02:40:31-05:00,0.0,0.0
2012-07-13T02:45:31-05:00,0.0,0.0
2012-07-13T02:50:31-05:00,0.0,0.0
2012-07-13T02:55:31-05:00,0.0,0.0
2012-07-13T03:00:31-05:00,0.0,0.0
2012-07-13T03:05:31-05:00,0.0,0.0
2012-07-13T03:10:31-05:00,0.0,0.0
2012-07-13T03:15:31-05:00,0.0,0.0
2012-07-13T03:20:31-05:00,0.0,0.0
2012-07-13T03:25:31-05:00,0.0,0.0
2012-07-13T03:30:31-05:00,0.0,0.0
2012-07-13T03:35:31-05:00,0.0,0.0
2012-07-13T03:40:31-05:00,0.0,0.0
2012-07-13T03:45:31-05:00,0.0,0.0
2012-07-13T03:50:31-05:00,0.0,0.0
2012-07-13T03:55:31-05:00,0.0,0.0
2012-07-13T04:00:31-05:00,0.0,0.0
2012-07-13T04:05:31-05:00,0.0,0.0
2012-07-13T04:10:31-05:00,0.0,0.0
2012-07-13T04:15:31-05:00,0.0,0.0
2012-07-13T04:20:31-05:00,0.0,0.0
2012-07-13T04:25:31-05:00,0.0,0.0
2012-07-13T04:30:31-05:00,0.0,0.0
2012-07-13T04:35:31-05:00,0.0,0.0
2012-07-13T04:40:31-05:00,0.0,0.0
2012-07-13T04:45:31-05:00,0.0,0.0
2012-07-13T04:50:31-05:00,0.0,0.0
2012-07-13T04:55:31-05:00,0.0,0.0
2012-07-13T05:00:31-05:00,0.0,0.0
2012-07-13T05:05:31-05:00,0.0,0.0
2012-07-13T05:10:31-05:00,0.0,0.0
2012-07-13T05:15:31-05:00,0.0,0.0
2012-07-13T05:20:31-05:00,0.0,0.0
2012-07-13T05:25:31-05:00,0.0,0.0
2012-07-13T05:30:31-05:00,39.0,1.0
2012-07-13T05:35:31-05:00,61.0,4.0
2012-07-13T05:40:31-05:00,78.0,6.0
2012-07-13T05:45:31-05:00,87.0,6.0
2012-07-13T05:50:31-05:00,100.0,8.0
2012-07-13T05:55:31-05:00,117.0,9.0
2012-07-13T06:00:31-05:00,163.0,11.0
2012-07-13T06:05:31-05:00,242.0,18.0
2012-07-13T06:10:31-05:00,323.0,24.0
2012-07-13T06:15:31-05:00,383.0,29.0
2012-07-13T06:20:31-05:00,440.0,34.0
2012-07-13T06:25:31-05:00,501.0,39.0
2012-07-13T06:30:31-05:00,568.0,45.0
2012-07-13T06:35:31-05:00,657.0,51.0
2012-07-13T06:40:31-05:00,490.0,53.0
2012-07-13T06:45:31-05:00,742.0,51.0
2012-07-13T06:50:31-05:00,898.0,70.0
2012-07-13T06:55:31-05:00,993.0,79.0
2012-07-13T07:00:31-05:00,1092.0,86.0
2012-07-13T07:05:31-05:00,1200.0,95.0
2012-07-13T07:10:31-05:00,1319.0,105.0
2012-07-13T07:15:31-05:00,1433.0,114.0
2012-07-13T07:20:31-05:00,1533.0,126.0
2012-07-13T07:25:31-05:00,1583.0,115.0
2012-07-13T07:30:31-05:00,759.0,71.0
2012-07-13T07:35:31-05:00,469.0,51.0
2012-07-13T07:40:31-05:00,309.0,34.0
2012-07-13T07:45:31-05:00,44.0,9.0
2012-07-13T07:50:31-05:00,39.0,4.0
2012-07-13T07:55:31-05:00,33.0,3.0
2012-07-13T08:00:31-05:00,45.0,4.0
2012-07-13T08:05:31-05:00,43.0,3.0
2012-07-13T08:10:31-05:00,89.0,6.0
2012-07-13T08:15:31-05:00,150.0,10.0
2012-07-13T08:20:31-05:00,178.0,14.0
2012-07-13T08:25:31-05:00,179.0,15.0
2012-07-13T08:30:31-05:00,198.0,16.0
2012-07-13T08:35:31-05:00,244.0,18.0
2012-07-13T08:40:31-05:00,306.0,23.0
2012-07-13T08:45:31-05:00,346.0,27.0
2012-07-13T08:50:31-05:00,395.0,31.0
2012-07-13T08:55:31-05:00,443.0,35.0
2012-07-13T09:00:31-05:00,461.0,38.0
2012-07-13T09:05:31-05:00,449.0,38.0
2012-07-13T09:10:31-05:00,389.0,35.0
2012-07-13T09:15:31-05:00,386.0,32.0
2012-07-13T09:20:31-05:00,439.0,34.0
2012-07-13T09:25:31-05:00,561.0,41.0
2012-07-13T09:30:31-05:00,700.0,52.0
2012-07-13T09:35:31-05:00,778.0,61.0
2012-07-13T09:40:31-05:00,819.0,68.0
2012-07-13T09:45:31-05:00,872.0,71.0
2012-07-13T09:50:31-05:00,981.0,76.0
2012-07-13T09:55:31-05:00,1202.0,92.0
2012-07-13T10:00:31-05:00,1453.0,110.0
2012-07-13T10:05:31-05:00,1209.0,112.0
2012-07-13T10:10:31-05:00,1113.0,96.0
2012-07-13T10:15:31-05:00,1113.0,92.0
2012-07-13T10:20:31-05:00,1120.0,91.0
2012-07-13T10:25:31-05:00,1553.0,154.0
2012-07-13T10:30:31-05:00,1637.0,140.0
2012-07-13T10:35:31-05:00,1806.0,176.0
2012-07-13T10:40:31-05:00,2665.0,150.0
2012-07-13T10:45:31-05:00,2237.0,215.0
2012-07-13T10:50:31-05:00,1615.0,151.0
2012-07-13T10:55:31-05:00,1432.0,118.0
2012-07-13T11:00:31-05:00,1653.0,169.0
2012-07-13T11:05:31-05:00,1614.0,162.0
2012-07-13T11:10:31-05:00,2364.0,169.0
2012-07-13T11:15:31-05:00,2254.0,174.0
2012-07-13T11:20:31-05:00,1832.0,186.0
2012-07-13T11:25:31-05:00,2480.0,185.0
2012-07-13T11:30:31-05:00,2426.0,201.0
2012-07-13T11:35:31-05:00,2415.0,199.0
2012-07-13T11:40:31-05:00,2299.0,196.0
2012-07-13T11:45:31-05:00,2394.0,195.0
2012-07-13T11:50:31-05:00,1592.0,114.0
2012-07-13T11:55:31-05:00,1224.0,167.0
2012-07-13T12:00:31-05:00,2541.0,129.0
2012-07-13T12:05:31-05:00,1915.0,206.0
2012-07-13T12:10:31-05:00,820.0,174.0
2012-07-13T12:15:31-05:00,2227.0,182.0
2012-07-13T12:20:31-05:00,895.0,146.0
2012-07-13T12:25:31-05:00,1829.0,126.0
2012-07-13T12:30:31-05:00,909.0,156.0
2012-07-13T12:35:31-05:00,2639.0,124.0
2012-07-13T12:40:31-05:00,879.0,138.0
2012-07-13T12:45:31-05:00,769.0,92.0
2012-07-13T12:50:31-05:00,872.0,64.0
2012-07-13T12:55:31-05:00,1035.0,97.0
2012-07-13T13:00:31-05:00,1069.0,107.0
2012-07-13T13:05:31-05:00,513.0,108.0
2012-07-13T13:10:31-05:00,309.0,33.0
2012-07-13T13:15:31-05:00,304.0,23.0
2012-07-13T13:20:31-05:00,392.0,28.0
2012-07-13T13:25:31-05:00,389.0,35.0
2012-07-13T13:30:31-05:00,359.0,30.0
2012-07-13T13:35:31-05:00,521.0,56.0
2012-07-13T13:40:31-05:00,230.0,27.0
2012-07-13T13:45:31-05:00,203.0,17.0
2012-07-13T13:50:31-05:00,236.0,17.0
2012-07-13T13:55:31-05:00,318.0,23.0
2012-07-13T14:00:31-05:00,334.0,27.0
2012-07-13T14:05:31-05:00,467.0,36.0
2012-07-13T14:10:31-05:00,768.0,48.0
2012-07-13T14:15:31-05:00,1458.0,75.0
2012-07-13T14:20:31-05:00,1793.0,89.0
2012-07-13T14:25:31-05:00,735.0,84.0
2012-07-13T14:30:31-05:00,1572.0,99.0
2012-07-13T14:35:31-05:00,2009.0,143.0
2012-07-13T14:40:31-05:00,661.0,152.0
2012-07-13T14:45:31-05:00,1959.0,94.0
2012-07-13T14:50:31-05:00,1310.0,151.0
2012-07-13T14:55:31-05:00,1904.0,145.0
2012-07-13T15:00:31-05:00,963.0,143.0
2012-07-13T15:05:31-05:00,1559.0,117.0
2012-07-13T15:10:31-05:00,1719.0,101.0
2012-07-13T15:15:31-05:00,746.0,75.0
2012-07-13T15:20:31-05:00,729.0,64.0
2012-07-13T15:25:31-05:00,824.0,63.0
2012-07-13T15:30:31-05:00,407.0,58.0
2012-07-13T15:35:31-05:00,230.0,26.0
2012-07-13T15:40:31-05:00,191.0,16.0
2012-07-13T15:45:31-05:00,273.0,23.0
2012-07-13T15:50:31-05:00,163.0,17.0
2012-07-13T15:55:31-05:00,174.0,13.0
2012-07-13T16:00:31-05:00,412.0,20.0
2012-07-13T16:05:31-05:00,876.0,55.0
2012-07-13T16:10:31-05:00,911.0,75.0
2012-07-13T16:15:31-05:00,567.0,55.0
2012-07-13T16:20:31-05:00,523.0,49.0
2012-07-13T16:25:31-05:00,225.0,29.0
2012-07-13T16:30:31-05:00,204.0,18.0
2012-07-13T16:35:31-05:00,195.0,17.0
2012-07-13T16:40:31-05:00,206.0,16.0
2012-07-13T16:45:31-05:00,223.0,17.0
2012-07-13T16:50:31-05:00,224.0,18.0
2012-07-13T16:55:31-05:00,259.0,20.0
2012-07-13T17:00:31-05:00,300.0,23.0
2012-07-13T17:05:31-05:00,326.0,26.0
2012-07-13T17:10:31-05:00,306.0,26.0
2012-07-13T17:15:31-05:00,308.0,25.0
2012-07-13T17:20:31-05:00,348.0,27.0
2012-07-13T17:25:31-05:00,379.0,30.0
2012-07-13T17:30:31-05:00,373.0,31.0
2012-07-13T17:35:31-05:00,356.0,31.0
2012-07-13T17:40:31-05:00,317.0,28.0
2012-07-13T17:45:31-05:00,292.0,25.0
2012-07-13T17:50:31-05:00,267.0,23.0
2012-07-13T17:55:31-05:00,239.0,22.0
2012-07-13T18:00:31-05:00,219.0,19.0
2012-07-13T18:05:31-05:00,182.0,17.0
2012-07-13T18:10:31-05:00,162.0,15.0
2012-07-13T18:15:31-05:00,143.0,13.0
2012-07-13T18:20:21-05:00,121.0,11.0
2012-07-13T18:25:21-05:00,94.0,8.0
2012-07-13T18:30:21-05:00,67.0,6.0
2012-07-13T18:35:21-05:00,45.0,4.0
2012-07-13T18:40:21-05:00,28.0,3.0
2012-07-13T18:45:21-05:00,11.0,1.0
2012-07-13T18:50:21-05:00,0.0,0.0
2012-07-13T18:55:21-05:00,0.0,0.0
2012-07-13T19:00:21-05:00,0.0,0.0
2012-07-13T19:05:21-05:00,0.0,0.0
2012-07-13T19:10:21-05:00,0.0,0.0
2012-07-13T19:15:21-05:00,0.0,0.0
2012-07-13T19:20:21-05:00,0.0,0.0
2012-07-13T19:25:21-05:00,0.0,0.0
2012-07-13T19:30:21-05:00,0.0,0.0
2012-07-13T19:35:21-05:00,0.0,0.0
2012-07-13T19:40:21-05:00,0.0,0.0
2012-07-13T19:45:21-05:00,0.0,0.0
2012-07-13T19:50:21-05:00,0.0,0.0
2012-07-13T19:55:21-05:00,0.0,0.0
2012-07-13T20:00:21-05:00,0.0,0.0
2012-07-13T20:05:21-05:00,0.0,0.0
2012-07-13T20:10:21-05:00,0.0,0.0
2012-07-13T20:15:21-05:00,0.0,0.0
2012-07-13T20:20:21-05:00,0.0,0.0
2012-07-13T20:25:21-05:00,0.0,0.0
2012-07-13T20:30:21-05:00,0.0,0.0
2012-07-13T20:35:21-05:00,0.0,0.0
2012-07-13T20:40:21-05:00,0.0,0.0
2012-07-13T20:45:21-05:00,0.0,0.0
2012-07-13T20:50:21-05:00,0.0,0.0
2012-07-13T20:55:21-05:00,0.0,0.0
2012-07-13T21:00:21-05:00,0.0,0.0
2012-07-13T21:05:21-05:00,0.0,0.0
2012-07-13T21:10:21-05:00,0.0,0.0
2012-07-13T21:15:21-05:00,0.0,0.0
2012-07-13T21:20:21-05:00,0.0,0.0
2012-07-13T21:25:21-05:00,0.0,0.0
2012-07-13T21:30:21-05:00,0.0,0.0
2012-07-13T21:35:21-05:00,0.0,0.0
2012-07-13T21:40:21-05:00,0.0,0.0
2012-07-13T21:45:21-05:00,0.0,0.0
2012-07-13T21:50:21-05:00,0.0,0.0
2012-07-13T21:55:21-05:00,0.0,0.0
2012-07-13T22:00:21-05:00,0.0,0.0
2012-07-13T22:05:21-05:00,0.0,0.0
2012-07-13T22:10:21-05:00,0.0,0.0
2012-07-13T22:15:21-05:00,0.0,0.0
2012-07-13T22:20:21-05:00,0.0,0.0
2012-07-13T22:25:21-05:00,0.0,0.0
2012-07-13T22:30:21-05:00,0.0,0.0
2012-07-13T22:35:21-05:00,0.0,0.0
2012-07-13T22:40:21-05:00,0.0,0.0
2012-07-13T22:45:21-05:00,0.0,0.0
2012-07-13T22:50:21-05:00,0.0,0.0
2012-07-13T22:55:21-05:00,0.0,0.0
2012-07-13T23:00:21-05:00,0.0,0.0
2012-07-13T23:05:21-05:00,0.0,0.0
2012-07-13T23:10:21-05:00,0.0,0.0
2012-07-13T23:15:21-05:00,0.0,0.0
2012-07-13T23:20:21-05:00,0.0,0.0
2012-07-13T23:25:21-05:00,0.0,0.0
2012-07-13T23:30:21-05:00,0.0,0.0
2012-07-13T23:35:21-05:00,0.0,0.0
2012-07-13T23:40:21-05:00,0.0,0.0
2012-07-13T23:45:21-05:00,0.0,0.0
2012-07-13T23:50:21-05:00,0.0,0.0
2012-07-13T23:55:21-05:00,0.0,0.0
2012-07-14T00:00:21-05:00,0.0,0.0
2012-07-14T00:05:21-05:00,0.0,0.0
2012-07-14T00:10:21-05:00,0.0,0.0
2012-07-14T00:15:21-05:00,0.0,0.0
2012-07-14T00:20:21-05:00,0.0,0.0
2012-07-14T00:25:21-05:00,0.0,0.0
2012-07-14T00:30:21-05:00,0.0,0.0
2012-07-14T00:35:21-05:00,0.0,0.0
2012-07-14T00:40:21-05:00,0.0,0.0
2012-07-14T00:45:21-05:00,0.0,0.0
2012-07-14T00:50:21-05:00,0.0,0.0
2012-07-14T00:55:21-05:00,0.0,0.0
2012-07-14T01:00:21-05:00,0.0,0.0
2012-07-14T01:05:21-05:00,0.0,0.0
2012-07-14T01:10:21-05:00,0.0,0.0
2012-07-14T01:15:21-05:00,0.0,0.0
2012-07-14T01:20:21-05:00,0.0,0.0
2012-07-14T01:25:21-05:00,0.0,0.0
2012-07-14T01:30:21-05:00,0.0,0.0
2012-07-14T01:35:21-05:00,0.0,0.0
2012-07-14T01:40:21-05:00,0.0,0.0
2012-07-14T01:45:21-05:00,0.0,0.0
2012-07-14T01:50:21-05:00,0.0,0.0
2012-07-14T01:55:21-05:00,0.0,0.0
2012-07-14T02:00:21-05:00,0.0,0.0
2012-07-14T02:05:21-05:00,0.0,0.0
2012-07-14T02:10:21-05:00,0.0,0.0
2012-07-14T02:15:21-05:00,0.0,0.0
2012-07-14T02:20:21-05:00,0.0,0.0
2012-07-14T02:25:21-05:00,0.0,0.0
2012-07-14T02:30:21-05:00,0.0,0.0
2012-07-14T02:35:21-05:00,0.0,0.0
2012-07-14T02:40:21-05:00,0.0,0.0
2012-07-14T02:45:21-05:00,0.0,0.0
2012-07-14T02:50:21-05:00,0.0,0.0
2012-07-14T02:55:21-05:00,0.0,0.0
2012-07-14T03:00:21-05:00,0.0,0.0
2012-07-14T03:05:21-05:00,0.0,0.0
2012-07-14T03:10:21-05:00,0.0,0.0
2012-07-14T03:15:21-05:00,0.0,0.0
2012-07-14T03:20:21-05:00,0.0,0.0
2012-07-14T03:25:21-05:00,0.0,0.0
2012-07-14T03:30:21-05:00,0.0,0.0
2012-07-14T03:35:21-05:00,0.0,0.0
2012-07-14T03:40:21-05:00,0.0,0.0
2012-07-14T03:45:21-05:00,0.0,0.0
2012-07-14T03:50:21-05:00,0.0,0.0
2012-07-14T03:55:21-05:00,0.0,0.0
2012-07-14T04:00:21-05:00,0.0,0.0
2012-07-14T04:05:21-05:00,0.0,0.0
2012-07-14T04:10:21-05:00,0.0,0.0
2012-07-14T04:15:21-05:00,0.0,0.0
2012-07-14T04:20:21-05:00,0.0,0.0
2012-07-14T04:25:21-05:00,0.0,0.0
2012-07-14T04:30:21-05:00,0.0,0.0
2012-07-14T04:35:21-05:00,0.0,0.0
2012-07-14T04:40:21-05:00,0.0,0.0
2012-07-14T04:45:21-05:00,0.0,0.0
2012-07-14T04:50:21-05:00,0.0,0.0
2012-07-14T04:55:21-05:00,0.0,0.0
2012-07-14T05:00:21-05:00,0.0,0.0
2012-07-14T05:05:21-05:00,0.0,0.0
2012-07-14T05:10:21-05:00,0.0,0.0
2012-07-14T05:15:21-05:00,0.0,0.0
2012-07-14T05:20:21-05:00,0.0,0.0
2012-07-14T05:25:21-05:00,0.0,0.0
2012-07-14T05:30:21-05:00,0.0,0.0
2012-07-14T05:35:21-05:00,0.0,0.0
2012-07-14T05:40:21-05:00,0.0,0.0
2012-07-14T05:45:21-05:00,0.0,0.0
2012-07-14T05:50:21-05:00,0.0,0.0
2012-07-14T05:55:21-05:00,38.0,2.0
2012-07-14T06:00:21-05:00,61.0,4.0
2012-07-14T06:05:21-05:00,78.0,5.0
2012-07-14T06:10:21-05:00,106.0,7.0
2012-07-14T06:15:21-05:00,240.0,14.0
2012-07-14T06:20:21-05:00,301.0,23.0
2012-07-14T06:25:21-05:00,378.0,28.0
2012-07-14T06:30:21-05:00,385.0,31.0
2012-07-14T06:35:21-05:00,417.0,34.0
2012-07-14T06:40:21-05:00,472.0,31.0
2012-07-14T06:45:21-05:00,560.0,42.0
2012-07-14T06:50:21-05:00,511.0,53.0
2012-07-14T06:55:21-05:00,534.0,34.0
2012-07-14T07:00:21-05:00,773.0,62.0
2012-07-14T07:05:21-05:00,840.0,69.0
2012-07-14T07:10:21-05:00,358.0,65.0
2012-07-14T07:15:21-05:00,243.0,21.0
2012-07-14T07:20:21-05:00,445.0,26.0
2012-07-14T07:25:21-05:00,949.0,76.0
2012-07-14T07:30:21-05:00,830.0,78.0
2012-07-14T07:35:21-05:00,1177.0,90.0
2012-07-14T07:40:21-05:00,1057.0,95.0
2012-07-14T07:45:21-05:00,940.0,82.0
2012-07-14T07:50:21-05:00,1080.0,77.0
2012-07-14T07:55:21-05:00,1140.0,93.0
2012-07-14T08:00:21-05:00,1420.0,90.0
2012-07-14T08:05:21-05:00,1269.0,127.0
2012-07-14T08:10:21-05:00,1080.0,97.0
2012-07-14T08:15:21-05:00,1780.0,99.0
2012-07-14T08:20:21-05:00,1850.0,146.0
2012-07-14T08:25:21-05:00,1347.0,137.0
2012-07-14T08:30:21-05:00,1624.0,119.0
2012-07-14T08:35:21-05:00,1728.0,136.0
2012-07-14T08:40:21-05:00,1848.0,146.0
2012-07-14T08:45:21-05:00,1926.0,143.0
2012-07-14T08:50:21-05:00,1835.0,158.0
2012-07-14T08:55:21-05:00,1033.0,99.0
2012-07-14T09:00:21-05:00,1453.0,93.0
2012-07-14T09:05:21-05:00,2302.0,164.0
2012-07-14T09:10:21-05:00,803.0,160.0
2012-07-14T09:15:21-05:00,535.0,52.0
2012-07-14T09:20:21-05:00,400.0,43.0
2012-07-14T09:25:21-05:00,281.0,28.0
2012-07-14T09:30:21-05:00,149.0,16.0
2012-07-14T09:35:21-05:00,175.0,13.0
2012-07-14T09:40:21-05:00,122.0,13.0
2012-07-14T09:45:21-05:00,134.0,11.0
2012-07-14T09:50:21-05:00,106.0,11.0
2012-07-14T09:55:21-05:00,150.0,10.0
2012-07-14T10:00:21-05:00,173.0,13.0
2012-07-14T10:05:21-05:00,223.0,17.0
2012-07-14T10:10:21-05:00,344.0,24.0
2012-07-14T10:15:21-05:00,328.0,28.0
2012-07-14T10:20:21-05:00,347.0,28.0
2012-07-14T10:25:21-05:00,309.0,29.0
2012-07-14T10:30:21-05:00,263.0,24.0
2012-07-14T10:35:21-05:00,310.0,24.0
2012-07-14T10:40:21-05:00,286.0,26.0
2012-07-14T10:45:21-05:00,287.0,24.0
2012-07-14T10:50:21-05:00,295.0,24.0
2012-07-14T10:55:21-05:00,326.0,25.0
2012-07-14T11:00:21-05:00,240.0,25.0
2012-07-14T11:05:21-05:00,331.0,24.0
2012-07-14T11:10:21-05:00,267.0,29.0
2012-07-14T11:15:21-05:00,228.0,19.0
2012-07-14T11:20:21-05:00,165.0,18.0
2012-07-14T11:25:21-05:00,172.0,14.0
2012-07-14T11:30:21-05:00,177.0,15.0
2012-07-14T11:35:21-05:00,297.0,19.0
2012-07-14T11:40:21-05:00,234.0,23.0
2012-07-14T11:45:21-05:00,206.0,17.0
2012-07-14T11:50:21-05:00,122.0,13.0
2012-07-14T11:55:21-05:00,170.0,11.0
2012-07-14T12:00:21-05:00,215.0,17.0
2012-07-14T12:05:21-05:00,309.0,22.0
2012-07-14T12:10:21-05:00,440.0,30.0
2012-07-14T12:15:21-05:00,568.0,42.0
2012-07-14T12:20:21-05:00,573.0,47.0
2012-07-14T12:25:21-05:00,717.0,61.0
2012-07-14T12:30:21-05:00,867.0,67.0
2012-07-14T12:35:21-05:00,1408.0,79.0
2012-07-14T12:40:21-05:00,590.0,66.0
2012-07-14T12:45:21-05:00,534.0,45.0
2012-07-14T12:50:21-05:00,762.0,53.0
2012-07-14T12:55:21-05:00,423.0,51.0
2012-07-14T13:00:21-05:00,406.0,37.0
2012-07-14T13:05:21-05:00,306.0,27.0
2012-07-14T13:10:21-05:00,404.0,31.0
2012-07-14T13:15:21-05:00,451.0,34.0
2012-07-14T13:20:21-05:00,474.0,37.0
2012-07-14T13:25:21-05:00,506.0,43.0
2012-07-14T13:30:21-05:00,482.0,40.0
2012-07-14T13:35:21-05:00,450.0,40.0
2012-07-14T13:40:21-05:00,467.0,38.0
2012-07-14T13:45:21-05:00,456.0,38.0
2012-07-14T13:50:21-05:00,447.0,37.0
2012-07-14T13:55:21-05:00,484.0,39.0
2012-07-14T14:00:21-05:00,501.0,40.0
2012-07-14T14:05:21-05:00,536.0,43.0
2012-07-14T14:10:21-05:00,582.0,47.0
2012-07-14T14:15:21-05:00,613.0,50.0
2012-07-14T14:20:21-05:00,641.0,52.0
2012-07-14T14:25:21-05:00,678.0,55.0
2012-07-14T14:30:21-05:00,702.0,57.0
2012-07-14T14:35:21-05:00,743.0,60.0
2012-07-14T14:40:21-05:00,713.0,60.0
2012-07-14T14:45:21-05:00,896.0,63.0
2012-07-14T14:50:21-05:00,964.0,79.0
2012-07-14T14:55:21-05:00,950.0,79.0
2012-07-14T15:00:21-05:00,857.0,75.0
2012-07-14T15:05:21-05:00,778.0,68.0
2012-07-14T15:10:21-05:00,737.0,63.0
2012-07-14T15:15:21-05:00,707.0,60.0
2012-07-14T15:20:21-05:00,656.0,56.0
2012-07-14T15:25:21-05:00,572.0,51.0
2012-07-14T15:30:21-05:00,579.0,48.0
2012-07-14T15:35:21-05:00,544.0,47.0
2012-07-14T15:40:21-05:00,518.0,44.0
2012-07-14T15:45:21-05:00,501.0,42.0
2012-07-14T15:50:21-05:00,481.0,41.0
2012-07-14T15:55:21-05:00,444.0,39.0
2012-07-14T16:00:21-05:00,426.0,35.0
2012-07-14T16:05:21-05:00,410.0,35.0
2012-07-14T16:10:21-05:00,426.0,34.0
2012-07-14T16:15:21-05:00,468.0,38.0
2012-07-14T16:20:21-05:00,462.0,39.0
2012-07-14T16:25:21-05:00,478.0,39.0
2012-07-14T16:30:21-05:00,457.0,40.0
2012-07-14T16:35:21-05:00,438.0,38.0
2012-07-14T16:40:21-05:00,418.0,35.0
2012-07-14T16:45:21-05:00,373.0,33.0
2012-07-14T16:50:21-05:00,323.0,29.0
2012-07-14T16:55:21-05:00,284.0,25.0
2012-07-14T17:00:21-05:00,245.0,21.0
2012-07-14T17:05:21-05:00,213.0,19.0
2012-07-14T17:10:21-05:00,200.0,18.0
2012-07-14T17:15:21-05:00,172.0,16.0
2012-07-14T17:20:21-05:00,173.0,14.0
2012-07-14T17:25:21-05:00,156.0,14.0
2012-07-14T17:30:21-05:00,134.0,12.0
2012-07-14T17:35:21-05:00,111.0,10.0
2012-07-14T17:40:21-05:00,90.0,8.0
2012-07-14T17:45:21-05:00,78.0,7.0
2012-07-14T17:50:21-05:00,61.0,5.0
2012-07-14T17:55:21-05:00,45.0,4.0
2012-07-14T18:00:21-05:00,39.0,3.0
2012-07-14T18:05:21-05:00,32.0,3.0
2012-07-14T18:10:21-05:00,28.0,2.0
2012-07-14T18:15:21-05:00,22.0,2.0
2012-07-14T18:20:21-05:00,22.0,2.0
2012-07-14T18:25:21-05:00,17.0,2.0
2012-07-14T18:30:21-05:00,6.0,1.0
2012-07-14T18:35:21-05:00,0.0,0.0
2012-07-14T18:40:21-05:00,0.0,0.0
2012-07-14T18:45:21-05:00,0.0,0.0
2012-07-14T18:50:21-05:00,0.0,0.0
2012-07-14T18:55:21-05:00,0.0,0.0
2012-07-14T19:00:21-05:00,0.0,0.0
2012-07-14T19:05:21-05:00,0.0,0.0
2012-07-14T19:10:21-05:00,0.0,0.0
2012-07-14T19:15:21-05:00,0.0,0.0
2012-07-14T19:20:21-05:00,0.0,0.0
2012-07-14T19:25:21-05:00,0.0,0.0
2012-07-14T19:30:21-05:00,0.0,0.0
2012-07-14T19:35:21-05:00,0.0,0.0
2012-07-14T19:40:21-05:00,0.0,0.0
2012-07-14T19:45:21-05:00,0.0,0.0
2012-07-14T19:50:21-05:00,0.0,0.0
2012-07-14T19:55:21-05:00,0.0,0.0
2012-07-14T20:00:21-05:00,0.0,0.0
2012-07-14T20:05:21-05:00,0.0,0.0
2012-07-14T20:10:21-05:00,0.0,0.0
2012-07-14T20:15:21-05:00,0.0,0.0
2012-07-14T20:20:21-05:00,0.0,0.0
2012-07-14T20:25:21-05:00,0.0,0.0
2012-07-14T20:30:21-05:00,0.0,0.0
2012-07-14T20:35:21-05:00,0.0,0.0
2012-07-14T20:40:21-05:00,0.0,0.0
2012-07-14T20:45:21-05:00,0.0,0.0
2012-07-14T20:50:21-05:00,0.0,0.0
2012-07-14T20:55:21-05:00,0.0,0.0
2012-07-14T21:00:21-05:00,0.0,0.0
2012-07-14T21:05:21-05:00,0.0,0.0
2012-07-14T21:10:21-05:00,0.0,0.0
2012-07-14T21:15:21-05:00,0.0,0.0
2012-07-14T21:20:21-05:00,0.0,0.0
2012-07-14T21:25:21-05:00,0.0,0.0
2012-07-14T21:30:21-05:00,0.0,0.0
2012-07-14T21:35:21-05:00,0.0,0.0
2012-07-14T21:40:21-05:00,0.0,0.0
2012-07-14T21:45:21-05:00,0.0,0.0
2012-07-14T21:50:21-05:00,0.0,0.0
2012-07-14T21:55:21-05:00,0.0,0.0
2012-07-14T22:00:21-05:00,0.0,0.0
2012-07-14T22:05:21-05:00,0.0,0.0
2012-07-14T22:10:21-05:00,0.0,0.0
2012-07-14T22:15:21-05:00,0.0,0.0
2012-07-14T22:20:21-05:00,0.0,0.0
2012-07-14T22:25:21-05:00,0.0,0.0
2012-07-14T22:30:21-05:00,0.0,0.0
2012-07-14T22:35:21-05:00,0.0,0.0
2012-07-14T22:40:21-05:00,0.0,0.0
2012-07-14T22:45:21-05:00,0.0,0.0
2012-07-14T22:50:21-05:00,0.0,0.0
2012-07-14T22:55:21-05:00,0.0,0.0
2012-07-14T23:00:21-05:00,0.0,0.0
2012-07-14T23:05:21-05:00,0.0,0.0
2012-07-14T23:10:21-05:00,0.0,0.0
2012-07-14T23:15:21-05:00,0.0,0.0
2012-07-14T23:20:21-05:00,0.0,0.0
2012-07-14T23:25:21-05:00,0.0,0.0
2012-07-14T23:30:21-05:00,0.0,0.0
2012-07-14T23:35:21-05:00,0.0,0.0
2012-07-14T23:40:21-05:00,0.0,0.0
2012-07-14T23:45:21-05:00,0.0,0.0
2012-07-14T23:50:21-05:00,0.0,0.0
2012-07-14T23:55:21-05:00,0.0,0.0
2012-07-15T00:00:21-05:00,0.0,0.0
2012-07-15T00:05:21-05:00,0.0,0.0
2012-07-15T00:10:21-05:00,0.0,0.0
2012-07-15T00:15:21-05:00,0.0,0.0
2012-07-15T00:20:21-05:00,0.0,0.0
2012-07-15T00:25:21-05:00,0.0,0.0
2012-07-15T00:30:21-05:00,0.0,0.0
2012-07-15T00:35:21-05:00,0.0,0.0
2012-07-15T00:40:21-05:00,0.0,0.0
2012-07-15T00:45:21-05:00,0.0,0.0
2012-07-15T00:50:21-05:00,0.0,0.0
2012-07-15T00:55:21-05:00,0.0,0.0
2012-07-15T01:00:21-05:00,0.0,0.0
2012-07-15T01:05:21-05:00,0.0,0.0
2012-07-15T01:10:21-05:00,0.0,0.0
2012-07-15T01:15:21-05:00,0.0,0.0
2012-07-15T01:20:21-05:00,0.0,0.0
2012-07-15T01:25:21-05:00,0.0,0.0
2012-07-15T01:30:21-05:00,0.0,0.0
2012-07-15T01:35:21-05:00,0.0,0.0
2012-07-15T01:40:21-05:00,0.0,0.0
2012-07-15T01:45:21-05:00,0.0,0.0
2012-07-15T01:50:21-05:00,0.0,0.0
2012-07-15T01:55:21-05:00,0.0,0.0
2012-07-15T02:00:21-05:00,0.0,0.0
2012-07-15T02:05:21-05:00,0.0,0.0
2012-07-15T02:10:21-05:00,0.0,0.0
2012-07-15T02:15:21-05:00,0.0,0.0
2012-07-15T02:20:21-05:00,0.0,0.0
2012-07-15T02:25:21-05:00,0.0,0.0
2012-07-15T02:30:21-05:00,0.0,0.0
2012-07-15T02:35:21-05:00,0.0,0.0
2012-07-15T02:40:21-05:00,0.0,0.0
2012-07-15T02:45:21-05:00,0.0,0.0
2012-07-15T02:50:21-05:00,0.0,0.0
2012-07-15T02:55:21-05:00,0.0,0.0
2012-07-15T03:00:21-05:00,0.0,0.0
2012-07-15T03:05:21-05:00,0.0,0.0
2012-07-15T03:10:21-05:00,0.0,0.0
2012-07-15T03:15:21-05:00,0.0,0.0
2012-07-15T03:20:21-05:00,0.0,0.0
2012-07-15T03:25:21-05:00,0.0,0.0
2012-07-15T03:30:21-05:00,0.0,0.0
2012-07-15T03:35:21-05:00,0.0,0.0
2012-07-15T03:40:21-05:00,0.0,0.0
2012-07-15T03:45:21-05:00,0.0,0.0
2012-07-15T03:50:21-05:00,0.0,0.0
2012-07-15T03:55:21-05:00,0.0,0.0
2012-07-15T04:00:21-05:00,0.0,0.0
2012-07-15T04:05:21-05:00,0.0,0.0
2012-07-15T04:10:21-05:00,0.0,0.0
2012-07-15T04:15:21-05:00,0.0,0.0
2012-07-15T04:20:21-05:00,0.0,0.0
2012-07-15T04:25:21-05:00,0.0,0.0
2012-07-15T04:30:21-05:00,0.0,0.0
2012-07-15T04:35:21-05:00,0.0,0.0
2012-07-15T04:40:21-05:00,0.0,0.0
2012-07-15T04:45:21-05:00,0.0,0.0
2012-07-15T04:50:21-05:00,0.0,0.0
2012-07-15T04:55:21-05:00,0.0,0.0
2012-07-15T05:00:21-05:00,0.0,0.0
2012-07-15T05:05:21-05:00,0.0,0.0
2012-07-15T05:10:21-05:00,0.0,0.0
2012-07-15T05:15:21-05:00,0.0,0.0
2012-07-15T05:20:21-05:00,0.0,0.0
2012-07-15T05:25:21-05:00,0.0,0.0
2012-07-15T05:30:21-05:00,0.0,0.0
2012-07-15T05:35:21-05:00,0.0,0.0
2012-07-15T05:40:21-05:00,55.0,3.0
2012-07-15T05:45:21-05:00,79.0,5.0
2012-07-15T05:50:21-05:00,87.0,7.0
2012-07-15T05:55:21-05:00,102.0,8.0
2012-07-15T06:00:21-05:00,107.0,9.0
2012-07-15T06:05:21-05:00,94.0,8.0
2012-07-15T06:10:21-05:00,99.0,8.0
2012-07-15T06:15:21-05:00,119.0,9.0
2012-07-15T06:20:21-05:00,150.0,11.0
2012-07-15T06:25:21-05:00,206.0,15.0
2012-07-15T06:30:21-05:00,247.0,19.0
2012-07-15T06:35:21-05:00,245.0,20.0
2012-07-15T06:40:21-05:00,267.0,21.0
2012-07-15T06:45:21-05:00,323.0,25.0
2012-07-15T06:50:21-05:00,362.0,29.0
2012-07-15T06:55:21-05:00,398.0,32.0
2012-07-15T07:00:21-05:00,444.0,35.0
2012-07-15T07:05:21-05:00,561.0,42.0
2012-07-15T07:10:21-05:00,685.0,52.0
2012-07-15T07:15:21-05:00,756.0,61.0
2012-07-15T07:20:21-05:00,831.0,66.0
2012-07-15T07:25:21-05:00,896.0,72.0
2012-07-15T07:30:21-05:00,921.0,78.0
2012-07-15T07:35:21-05:00,920.0,82.0
2012-07-15T07:40:21-05:00,784.0,71.0
2012-07-15T07:41:28-05:00,817.0,16.0
2012-07-15T07:42:13-05:00,0.0,10.0
2012-07-15T07:47:13-05:00,671.0,54.0
2012-07-15T07:52:13-05:00,520.0,46.0
2012-07-15T07:57:13-05:00,521.0,47.0
2012-07-15T08:02:13-05:00,480.0,40.0
2012-07-15T08:07:13-05:00,454.0,40.0
2012-07-15T08:12:13-05:00,519.0,41.0
2012-07-15T08:17:13-05:00,630.0,42.0
2012-07-15T08:22:13-05:00,547.0,47.0
2012-07-15T08:27:13-05:00,467.0,49.0
2012-07-15T08:32:13-05:00,582.0,44.0
2012-07-15T08:37:13-05:00,719.0,55.0
2012-07-15T08:42:13-05:00,901.0,65.0
2012-07-15T08:47:13-05:00,793.0,70.0
2012-07-15T08:52:13-05:00,857.0,70.0
2012-07-15T08:57:13-05:00,936.0,76.0
2012-07-15T09:02:13-05:00,729.0,67.0
2012-07-15T09:07:13-05:00,730.0,60.0
2012-07-15T09:12:13-05:00,679.0,57.0
2012-07-15T09:17:13-05:00,489.0,51.0
2012-07-15T09:22:13-05:00,471.0,38.0
2012-07-15T09:27:13-05:00,489.0,41.0
2012-07-15T09:32:13-05:00,541.0,42.0
2012-07-15T09:37:13-05:00,585.0,48.0
2012-07-15T09:42:13-05:00,501.0,45.0
2012-07-15T09:47:13-05:00,420.0,38.0
2012-07-15T09:52:13-05:00,336.0,31.0
2012-07-15T09:57:13-05:00,361.0,28.0
2012-07-15T10:02:13-05:00,456.0,33.0
2012-07-15T10:07:13-05:00,743.0,68.0
2012-07-15T10:12:13-05:00,2515.0,157.0
2012-07-15T10:17:13-05:00,2394.0,203.0
2012-07-15T10:22:13-05:00,2386.0,199.0
2012-07-15T10:27:13-05:00,2479.0,202.0
2012-07-15T10:32:13-05:00,1477.0,201.0
2012-07-15T10:37:13-05:00,2500.0,115.0
2012-07-15T10:42:13-05:00,563.0,57.0
2012-07-15T10:47:13-05:00,517.0,48.0
2012-07-15T10:52:13-05:00,397.0,38.0
2012-07-15T10:57:13-05:00,391.0,32.0
2012-07-15T11:02:13-05:00,439.0,33.0
2012-07-15T11:07:13-05:00,635.0,45.0
2012-07-15T11:12:13-05:00,2936.0,68.0
2012-07-15T11:17:13-05:00,735.0,129.0
2012-07-15T11:22:13-05:00,879.0,70.0
2012-07-15T11:27:13-05:00,673.0,62.0
2012-07-15T11:32:13-05:00,639.0,58.0
2012-07-15T11:37:13-05:00,657.0,53.0
2012-07-15T11:42:13-05:00,2680.0,79.0
2012-07-15T11:47:13-05:00,1078.0,201.0
2012-07-15T11:52:13-05:00,647.0,104.0
2012-07-15T11:57:13-05:00,497.0,43.0
2012-07-15T12:02:02-05:00,0.0,45.0
2012-07-15T12:07:02-05:00,828.0,10.0
2012-07-15T12:12:02-05:00,1296.0,112.0
2012-07-15T12:17:02-05:00,1533.0,73.0
2012-07-15T12:22:02-05:00,797.0,99.0
2012-07-15T12:27:02-05:00,712.0,66.0
2012-07-15T12:32:02-05:00,395.0,42.0
2012-07-15T12:37:02-05:00,228.0,25.0
2012-07-15T12:42:02-05:00,229.0,18.0
2012-07-15T12:47:02-05:00,200.0,17.0
2012-07-15T12:52:02-05:00,245.0,19.0
2012-07-15T12:57:02-05:00,331.0,24.0
2012-07-15T13:02:02-05:00,361.0,28.0
2012-07-15T13:07:02-05:00,461.0,34.0
2012-07-15T13:12:02-05:00,614.0,42.0
2012-07-15T13:17:02-05:00,658.0,51.0
2012-07-15T13:22:02-05:00,423.0,48.0
2012-07-15T13:27:02-05:00,312.0,29.0
2012-07-15T13:32:02-05:00,181.0,19.0
2012-07-15T13:37:02-05:00,110.0,13.0
2012-07-15T13:42:02-05:00,77.0,7.0
2012-07-15T13:47:02-05:00,61.0,6.0
2012-07-15T13:52:02-05:00,80.0,7.0
2012-07-15T13:57:02-05:00,50.0,6.0
2012-07-15T14:02:02-05:00,28.0,3.0
2012-07-15T14:07:02-05:00,22.0,2.0
2012-07-15T14:12:02-05:00,0.0,1.0
2012-07-15T14:17:02-05:00,0.0,0.0
2012-07-15T14:22:02-05:00,0.0,0.0
2012-07-15T14:27:02-05:00,0.0,0.0
2012-07-15T14:32:02-05:00,45.0,2.0
2012-07-15T14:37:02-05:00,148.0,7.0
2012-07-15T14:42:02-05:00,206.0,15.0
2012-07-15T14:47:02-05:00,222.0,18.0
2012-07-15T14:52:02-05:00,262.0,20.0
2012-07-15T14:57:02-05:00,300.0,23.0
2012-07-15T15:02:02-05:00,312.0,26.0
2012-07-15T15:07:02-05:00,317.0,27.0
2012-07-15T15:12:02-05:00,337.0,27.0
2012-07-15T15:17:02-05:00,327.0,28.0
2012-07-15T15:22:02-05:00,322.0,28.0
2012-07-15T15:27:02-05:00,300.0,26.0
2012-07-15T15:32:02-05:00,228.0,24.0
2012-07-15T15:37:02-05:00,67.0,9.0
2012-07-15T15:42:02-05:00,115.0,7.0
2012-07-15T15:47:02-05:00,145.0,12.0
2012-07-15T15:52:02-05:00,189.0,15.0
2012-07-15T15:57:02-05:00,200.0,17.0
2012-07-15T16:02:02-05:00,167.0,15.0
2012-07-15T16:07:02-05:00,140.0,13.0
2012-07-15T16:12:02-05:00,126.0,11.0
2012-07-15T16:17:02-05:00,122.0,11.0
2012-07-15T16:22:02-05:00,138.0,11.0
2012-07-15T16:27:02-05:00,144.0,12.0
2012-07-15T16:32:02-05:00,145.0,12.0
2012-07-15T16:37:02-05:00,182.0,13.0
2012-07-15T16:42:02-05:00,186.0,15.0
2012-07-15T16:47:02-05:00,173.0,15.0
2012-07-15T16:52:02-05:00,199.0,15.0
2012-07-15T16:57:02-05:00,233.0,18.0
2012-07-15T17:02:02-05:00,193.0,18.0
2012-07-15T17:07:02-05:00,145.0,14.0
2012-07-15T17:12:02-05:00,110.0,10.0
2012-07-15T17:17:02-05:00,107.0,9.0
2012-07-15T17:22:02-05:00,96.0,8.0
2012-07-15T17:27:02-05:00,95.0,8.0
2012-07-15T17:32:02-05:00,96.0,8.0
2012-07-15T17:37:02-05:00,99.0,8.0
2012-07-15T17:42:02-05:00,93.0,8.0
2012-07-15T17:47:02-05:00,78.0,7.0
2012-07-15T17:52:02-05:00,72.0,6.0
2012-07-15T17:57:02-05:00,67.0,6.0
2012-07-15T18:02:02-05:00,59.0,6.0
2012-07-15T18:07:02-05:00,56.0,5.0
2012-07-15T18:12:02-05:00,55.0,4.0
2012-07-15T18:17:02-05:00,56.0,5.0
2012-07-15T18:22:02-05:00,45.0,4.0
2012-07-15T18:27:02-05:00,22.0,3.0
2012-07-15T18:32:02-05:00,16.0,1.0
2012-07-15T18:37:02-05:00,6.0,1.0
2012-07-15T18:42:02-05:00,0.0,0.0
2012-07-15T18:47:02-05:00,0.0,0.0
2012-07-15T18:52:02-05:00,0.0,0.0
2012-07-15T18:57:02-05:00,0.0,0.0
2012-07-15T19:02:02-05:00,0.0,0.0
2012-07-15T19:07:02-05:00,0.0,0.0
2012-07-15T19:12:02-05:00,0.0,0.0
2012-07-15T19:17:02-05:00,0.0,0.0
2012-07-15T19:22:02-05:00,0.0,0.0
2012-07-15T19:27:02-05:00,0.0,0.0
2012-07-15T19:32:02-05:00,0.0,0.0
2012-07-15T19:37:02-05:00,0.0,0.0
2012-07-15T19:42:02-05:00,0.0,0.0
2012-07-15T19:47:02-05:00,0.0,0.0
2012-07-15T19:52:02-05:00,0.0,0.0
2012-07-15T19:57:02-05:00,0.0,0.0
2012-07-15T20:02:02-05:00,0.0,0.0
2012-07-15T20:07:02-05:00,0.0,0.0
2012-07-15T20:12:02-05:00,0.0,0.0
2012-07-15T20:17:02-05:00,0.0,0.0
2012-07-15T20:22:02-05:00,0.0,0.0
2012-07-15T20:27:02-05:00,0.0,0.0
2012-07-15T20:32:02-05:00,0.0,0.0
2012-07-15T20:37:02-05:00,0.0,0.0
2012-07-15T20:42:02-05:00,0.0,0.0
2012-07-15T20:47:02-05:00,0.0,0.0
2012-07-15T20:52:02-05:00,0.0,0.0
2012-07-15T20:57:02-05:00,0.0,0.0
2012-07-15T21:02:02-05:00,0.0,0.0
2012-07-15T21:07:02-05:00,0.0,0.0
2012-07-15T21:12:02-05:00,0.0,0.0
2012-07-15T21:17:02-05:00,0.0,0.0
2012-07-15T21:22:02-05:00,0.0,0.0
2012-07-15T21:27:02-05:00,0.0,0.0
2012-07-15T21:32:02-05:00,0.0,0.0
2012-07-15T21:37:02-05:00,0.0,0.0
2012-07-15T21:42:02-05:00,0.0,0.0
2012-07-15T21:47:02-05:00,0.0,0.0
2012-07-15T21:52:02-05:00,0.0,0.0
2012-07-15T21:57:02-05:00,0.0,0.0
2012-07-15T22:02:02-05:00,0.0,0.0
2012-07-15T22:07:02-05:00,0.0,0.0
2012-07-15T22:12:02-05:00,0.0,0.0
2012-07-15T22:17:02-05:00,0.0,0.0
2012-07-15T22:22:02-05:00,0.0,0.0
2012-07-15T22:27:02-05:00,0.0,0.0
2012-07-15T22:32:02-05:00,0.0,0.0
2012-07-15T22:37:02-05:00,0.0,0.0
2012-07-15T22:42:02-05:00,0.0,0.0
2012-07-15T22:47:02-05:00,0.0,0.0
2012-07-15T22:52:02-05:00,0.0,0.0
2012-07-15T22:57:02-05:00,0.0,0.0
2012-07-15T23:02:02-05:00,0.0,0.0
2012-07-15T23:07:02-05:00,0.0,0.0
2012-07-15T23:12:02-05:00,0.0,0.0
2012-07-15T23:17:02-05:00,0.0,0.0
2012-07-15T23:22:02-05:00,0.0,0.0
2012-07-15T23:27:02-05:00,0.0,0.0
2012-07-15T23:32:02-05:00,0.0,0.0
2012-07-15T23:37:02-05:00,0.0,0.0
2012-07-15T23:42:02-05:00,0.0,0.0
2012-07-15T23:47:02-05:00,0.0,0.0
2012-07-15T23:52:02-05:00,0.0,0.0
2012-07-15T23:57:02-05:00,0.0,0.0
2012-07-16T00:02:02-05:00,0.0,0.0
2012-07-16T00:07:02-05:00,0.0,0.0
2012-07-16T00:12:02-05:00,0.0,0.0
2012-07-16T00:17:02-05:00,0.0,0.0
2012-07-16T00:22:02-05:00,0.0,0.0
2012-07-16T00:27:02-05:00,0.0,0.0
2012-07-16T00:32:02-05:00,0.0,0.0
2012-07-16T00:37:02-05:00,0.0,0.0
2012-07-16T00:42:02-05:00,0.0,0.0
2012-07-16T00:47:02-05:00,0.0,0.0
2012-07-16T00:52:02-05:00,0.0,0.0
2012-07-16T00:57:02-05:00,0.0,0.0
2012-07-16T01:02:02-05:00,0.0,0.0
2012-07-16T01:07:02-05:00,0.0,0.0
2012-07-16T01:12:02-05:00,0.0,0.0
2012-07-16T01:17:02-05:00,0.0,0.0
2012-07-16T01:22:02-05:00,0.0,0.0
2012-07-16T01:27:02-05:00,0.0,0.0
2012-07-16T01:32:02-05:00,0.0,0.0
2012-07-16T01:37:02-05:00,0.0,0.0
2012-07-16T01:42:02-05:00,0.0,0.0
2012-07-16T01:47:02-05:00,0.0,0.0
2012-07-16T01:52:02-05:00,0.0,0.0
2012-07-16T01:57:02-05:00,0.0,0.0
2012-07-16T02:02:02-05:00,0.0,0.0
2012-07-16T02:07:02-05:00,0.0,0.0
2012-07-16T02:12:02-05:00,0.0,0.0
2012-07-16T02:17:02-05:00,0.0,0.0
2012-07-16T02:22:02-05:00,0.0,0.0
2012-07-16T02:27:02-05:00,0.0,0.0
2012-07-16T02:32:02-05:00,0.0,0.0
2012-07-16T02:37:02-05:00,0.0,0.0
2012-07-16T02:42:02-05:00,0.0,0.0
2012-07-16T02:47:02-05:00,0.0,0.0
2012-07-16T02:52:02-05:00,0.0,0.0
2012-07-16T02:57:02-05:00,0.0,0.0
2012-07-16T03:02:02-05:00,0.0,0.0
2012-07-16T03:07:02-05:00,0.0,0.0
2012-07-16T03:12:02-05:00,0.0,0.0
2012-07-16T03:17:02-05:00,0.0,0.0
2012-07-16T03:22:02-05:00,0.0,0.0
2012-07-16T03:27:02-05:00,0.0,0.0
2012-07-16T03:32:02-05:00,0.0,0.0
2012-07-16T03:37:02-05:00,0.0,0.0
2012-07-16T03:42:02-05:00,0.0,0.0
2012-07-16T03:47:02-05:00,0.0,0.0
2012-07-16T03:52:02-05:00,0.0,0.0
2012-07-16T03:57:02-05:00,0.0,0.0
2012-07-16T04:02:02-05:00,0.0,0.0
2012-07-16T04:07:02-05:00,0.0,0.0
2012-07-16T04:12:02-05:00,0.0,0.0
2012-07-16T04:17:02-05:00,0.0,0.0
2012-07-16T04:21:54-05:00,0.0,0.0
2012-07-16T04:26:54-05:00,0.0,0.0
2012-07-16T04:31:54-05:00,0.0,0.0
2012-07-16T04:36:54-05:00,0.0,0.0
2012-07-16T04:41:54-05:00,0.0,0.0
2012-07-16T04:46:54-05:00,0.0,0.0
2012-07-16T04:51:54-05:00,0.0,0.0
2012-07-16T04:56:54-05:00,0.0,0.0
2012-07-16T05:01:54-05:00,0.0,0.0
2012-07-16T05:06:54-05:00,0.0,0.0
2012-07-16T05:11:54-05:00,0.0,0.0
2012-07-16T05:16:54-05:00,0.0,0.0
2012-07-16T05:21:54-05:00,0.0,0.0
2012-07-16T05:26:54-05:00,0.0,0.0
2012-07-16T05:31:54-05:00,0.0,0.0
2012-07-16T05:36:54-05:00,0.0,0.0
2012-07-16T05:41:54-05:00,54.0,3.0
2012-07-16T05:46:54-05:00,79.0,5.0
2012-07-16T05:51:54-05:00,95.0,7.0
2012-07-16T05:56:54-05:00,102.0,8.0
2012-07-16T06:01:54-05:00,201.0,12.0
2012-07-16T06:06:54-05:00,267.0,19.0
2012-07-16T06:11:54-05:00,320.0,24.0
2012-07-16T06:16:54-05:00,373.0,29.0
2012-07-16T06:21:54-05:00,414.0,33.0
2012-07-16T06:26:54-05:00,466.0,37.0
2012-07-16T06:31:54-05:00,518.0,41.0
2012-07-16T06:36:54-05:00,577.0,46.0
2012-07-16T06:41:54-05:00,629.0,50.0
2012-07-16T06:46:54-05:00,679.0,54.0
2012-07-16T06:51:54-05:00,735.0,59.0
2012-07-16T06:56:54-05:00,790.0,63.0
2012-07-16T07:01:54-05:00,846.0,68.0
2012-07-16T07:06:54-05:00,305.0,62.0
2012-07-16T07:11:54-05:00,178.0,25.0
2012-07-16T07:16:54-05:00,1033.0,60.0
2012-07-16T07:21:54-05:00,1136.0,90.0
2012-07-16T07:26:54-05:00,1233.0,75.0
2012-07-16T07:31:54-05:00,1269.0,105.0
2012-07-16T07:36:54-05:00,1363.0,106.0
2012-07-16T07:41:54-05:00,1324.0,110.0
2012-07-16T07:46:54-05:00,1397.0,111.0
2012-07-16T07:51:54-05:00,1540.0,56.0
2012-07-16T07:56:54-05:00,1564.0,130.0
2012-07-16T08:01:54-05:00,462.0,104.0
2012-07-16T08:06:54-05:00,1670.0,108.0
2012-07-16T08:11:54-05:00,1781.0,143.0
2012-07-16T08:16:54-05:00,1861.0,155.0
2012-07-16T08:21:54-05:00,1898.0,154.0
2012-07-16T08:26:54-05:00,1971.0,162.0
2012-07-16T08:31:54-05:00,1915.0,161.0
2012-07-16T08:36:54-05:00,1968.0,163.0
2012-07-16T08:41:54-05:00,1965.0,162.0
2012-07-16T08:46:54-05:00,295.0,60.0
2012-07-16T08:51:54-05:00,295.0,26.0
2012-07-16T08:56:54-05:00,323.0,27.0
2012-07-16T09:01:54-05:00,305.0,28.0
2012-07-16T09:06:54-05:00,300.0,23.0
2012-07-16T09:11:54-05:00,551.0,33.0
2012-07-16T09:16:54-05:00,1775.0,99.0
2012-07-16T09:21:54-05:00,974.0,144.0
2012-07-16T09:26:54-05:00,2277.0,106.0
2012-07-16T09:31:54-05:00,2165.0,168.0
2012-07-16T09:36:54-05:00,2067.0,176.0
2012-07-16T09:41:54-05:00,1639.0,173.0
2012-07-16T09:46:54-05:00,2054.0,147.0
2012-07-16T09:51:54-05:00,2036.0,170.0
2012-07-16T09:56:54-05:00,2021.0,170.0
2012-07-16T10:01:54-05:00,2054.0,169.0
2012-07-16T10:06:54-05:00,2151.0,173.0
2012-07-16T10:11:54-05:00,813.0,128.0
2012-07-16T10:16:54-05:00,2335.0,172.0
2012-07-16T10:21:54-05:00,629.0,112.0
2012-07-16T10:26:54-05:00,601.0,44.0
2012-07-16T10:31:54-05:00,2487.0,194.0
2012-07-16T10:36:54-05:00,401.0,128.0
2012-07-16T10:41:54-05:00,375.0,32.0
2012-07-16T10:46:54-05:00,508.0,35.0
2012-07-16T10:51:54-05:00,561.0,45.0
2012-07-16T10:56:54-05:00,505.0,47.0
2012-07-16T11:01:54-05:00,1347.0,43.0
2012-07-16T11:06:54-05:00,2110.0,212.0
2012-07-16T11:11:54-05:00,1539.0,121.0
2012-07-16T11:16:54-05:00,781.0,195.0
2012-07-16T11:21:54-05:00,2630.0,164.0
2012-07-16T11:26:54-05:00,2444.0,158.0
2012-07-16T11:31:54-05:00,2414.0,211.0
2012-07-16T11:36:54-05:00,2385.0,197.0
2012-07-16T11:41:54-05:00,958.0,140.0
2012-07-16T11:46:54-05:00,395.0,44.0
2012-07-16T11:51:54-05:00,507.0,38.0
2012-07-16T11:56:54-05:00,551.0,44.0
2012-07-16T12:01:54-05:00,594.0,48.0
2012-07-16T12:06:54-05:00,622.0,51.0
2012-07-16T12:11:54-05:00,606.0,50.0
2012-07-16T12:16:54-05:00,609.0,52.0
2012-07-16T12:21:54-05:00,665.0,53.0
2012-07-16T12:26:54-05:00,657.0,55.0
2012-07-16T12:31:54-05:00,656.0,55.0
2012-07-16T12:36:54-05:00,696.0,56.0
2012-07-16T12:41:54-05:00,717.0,60.0
2012-07-16T12:46:54-05:00,706.0,60.0
2012-07-16T12:51:54-05:00,655.0,57.0
2012-07-16T12:56:54-05:00,615.0,53.0
2012-07-16T13:01:54-05:00,595.0,50.0
2012-07-16T13:06:54-05:00,575.0,49.0
2012-07-16T13:11:54-05:00,595.0,50.0
2012-07-16T13:16:54-05:00,638.0,51.0
2012-07-16T13:21:54-05:00,841.0,66.0
2012-07-16T13:26:54-05:00,1066.0,83.0
2012-07-16T13:31:54-05:00,1495.0,80.0
2012-07-16T13:36:54-05:00,1852.0,142.0
2012-07-16T13:41:54-05:00,1856.0,155.0
2012-07-16T13:46:54-05:00,1843.0,148.0
2012-07-16T13:51:54-05:00,1827.0,154.0
2012-07-16T13:56:54-05:00,1796.0,151.0
2012-07-16T14:01:54-05:00,1792.0,149.0
2012-07-16T14:06:54-05:00,1877.0,151.0
2012-07-16T14:11:54-05:00,1207.0,149.0
2012-07-16T14:16:54-05:00,1835.0,139.0
2012-07-16T14:21:54-05:00,1722.0,151.0
2012-07-16T14:26:54-05:00,1081.0,73.0
2012-07-16T14:31:54-05:00,1497.0,97.0
2012-07-16T14:36:54-05:00,1825.0,122.0
2012-07-16T14:41:54-05:00,700.0,116.0
2012-07-16T14:46:54-05:00,646.0,85.0
2012-07-16T14:51:54-05:00,930.0,57.0
2012-07-16T14:56:54-05:00,459.0,51.0
2012-07-16T15:01:54-05:00,301.0,31.0
2012-07-16T15:06:54-05:00,267.0,24.0
2012-07-16T15:11:54-05:00,250.0,21.0
2012-07-16T15:16:54-05:00,278.0,22.0
2012-07-16T15:21:54-05:00,226.0,21.0
2012-07-16T15:26:54-05:00,256.0,19.0
2012-07-16T15:31:54-05:00,340.0,24.0
2012-07-16T15:36:54-05:00,323.0,26.0
2012-07-16T15:41:54-05:00,456.0,33.0
2012-07-16T15:46:54-05:00,412.0,41.0
2012-07-16T15:51:54-05:00,930.0,41.0
2012-07-16T15:56:54-05:00,873.0,77.0
2012-07-16T16:01:54-05:00,272.0,51.0
2012-07-16T16:06:54-05:00,434.0,29.0
2012-07-16T16:11:54-05:00,413.0,37.0
2012-07-16T16:16:54-05:00,367.0,42.0
2012-07-16T16:21:54-05:00,272.0,30.0
2012-07-16T16:26:54-05:00,195.0,20.0
2012-07-16T16:31:54-05:00,195.0,16.0
2012-07-16T16:36:54-05:00,184.0,16.0
2012-07-16T16:41:54-05:00,111.0,12.0
2012-07-16T16:46:54-05:00,83.0,8.0
2012-07-16T16:51:54-05:00,95.0,8.0
2012-07-16T16:56:54-05:00,77.0,7.0
2012-07-16T17:01:54-05:00,95.0,7.0
2012-07-16T17:06:54-05:00,95.0,8.0
2012-07-16T17:11:54-05:00,100.0,8.0
2012-07-16T17:16:54-05:00,83.0,8.0
2012-07-16T17:21:54-05:00,89.0,8.0
2012-07-16T17:26:54-05:00,90.0,7.0
2012-07-16T17:31:54-05:00,90.0,8.0
2012-07-16T17:36:54-05:00,134.0,9.0
2012-07-16T17:41:54-05:00,95.0,11.0
2012-07-16T17:46:54-05:00,99.0,8.0
2012-07-16T17:51:54-05:00,84.0,8.0
2012-07-16T17:56:54-05:00,117.0,8.0
2012-07-16T18:01:54-05:00,112.0,10.0
2012-07-16T18:06:54-05:00,94.0,8.0
2012-07-16T18:11:54-05:00,112.0,8.0
2012-07-16T18:16:54-05:00,88.0,9.0
2012-07-16T18:21:54-05:00,22.0,4.0
2012-07-16T18:26:54-05:00,6.0,1.0
2012-07-16T18:31:54-05:00,0.0,0.0
2012-07-16T18:36:54-05:00,0.0,0.0
2012-07-16T18:41:54-05:00,0.0,0.0
2012-07-16T18:46:54-05:00,0.0,0.0
2012-07-16T18:51:54-05:00,0.0,0.0
2012-07-16T18:56:54-05:00,0.0,0.0
2012-07-16T19:01:54-05:00,0.0,0.0
2012-07-16T19:06:54-05:00,0.0,0.0
2012-07-16T19:11:54-05:00,0.0,0.0
2012-07-16T19:16:54-05:00,0.0,0.0
2012-07-16T19:21:54-05:00,0.0,0.0
2012-07-16T19:26:54-05:00,0.0,0.0
2012-07-16T19:31:54-05:00,0.0,0.0
2012-07-16T19:36:54-05:00,0.0,0.0
2012-07-16T19:41:54-05:00,0.0,0.0
2012-07-16T19:46:54-05:00,0.0,0.0
2012-07-16T19:51:54-05:00,0.0,0.0
2012-07-16T19:56:54-05:00,0.0,0.0
2012-07-16T20:01:54-05:00,0.0,0.0
2012-07-16T20:06:54-05:00,0.0,0.0
2012-07-16T20:11:54-05:00,0.0,0.0
2012-07-16T20:16:54-05:00,0.0,0.0
2012-07-16T20:21:54-05:00,0.0,0.0
2012-07-16T20:26:54-05:00,0.0,0.0
2012-07-16T20:31:54-05:00,0.0,0.0
2012-07-16T20:36:54-05:00,0.0,0.0
2012-07-16T20:41:54-05:00,0.0,0.0
2012-07-16T20:46:54-05:00,0.0,0.0
2012-07-16T20:51:54-05:00,0.0,0.0
2012-07-16T20:56:54-05:00,0.0,0.0
2012-07-16T21:01:54-05:00,0.0,0.0
2012-07-16T21:06:54-05:00,0.0,0.0
2012-07-16T21:11:54-05:00,0.0,0.0
2012-07-16T21:16:54-05:00,0.0,0.0
2012-07-16T21:21:54-05:00,0.0,0.0
2012-07-16T21:26:54-05:00,0.0,0.0
2012-07-16T21:31:54-05:00,0.0,0.0
2012-07-16T21:36:54-05:00,0.0,0.0
2012-07-16T21:41:54-05:00,0.0,0.0
2012-07-16T21:46:54-05:00,0.0,0.0
2012-07-16T21:51:54-05:00,0.0,0.0
2012-07-16T21:56:54-05:00,0.0,0.0
2012-07-16T22:01:54-05:00,0.0,0.0
2012-07-16T22:06:54-05:00,0.0,0.0
2012-07-16T22:11:54-05:00,0.0,0.0
2012-07-16T22:16:54-05:00,0.0,0.0
2012-07-16T22:21:54-05:00,0.0,0.0
2012-07-16T22:26:54-05:00,0.0,0.0
2012-07-16T22:31:54-05:00,0.0,0.0
2012-07-16T22:36:54-05:00,0.0,0.0
2012-07-16T22:41:54-05:00,0.0,0.0
2012-07-16T22:46:54-05:00,0.0,0.0
2012-07-16T22:51:54-05:00,0.0,0.0
2012-07-16T22:56:54-05:00,0.0,0.0
2012-07-16T23:01:54-05:00,0.0,0.0
2012-07-16T23:06:54-05:00,0.0,0.0
2012-07-16T23:11:54-05:00,0.0,0.0
2012-07-16T23:16:54-05:00,0.0,0.0
2012-07-16T23:21:54-05:00,0.0,0.0
2012-07-16T23:26:54-05:00,0.0,0.0
2012-07-16T23:31:54-05:00,0.0,0.0
2012-07-16T23:36:54-05:00,0.0,0.0
2012-07-16T23:41:54-05:00,0.0,0.0
2012-07-16T23:46:54-05:00,0.0,0.0
2012-07-16T23:51:54-05:00,0.0,0.0
2012-07-16T23:56:54-05:00,0.0,0.0
2012-07-17T00:01:54-05:00,0.0,0.0
2012-07-17T00:06:54-05:00,0.0,0.0
2012-07-17T00:11:54-05:00,0.0,0.0
2012-07-17T00:16:54-05:00,0.0,0.0
2012-07-17T00:21:54-05:00,0.0,0.0
2012-07-17T00:26:54-05:00,0.0,0.0
2012-07-17T00:31:54-05:00,0.0,0.0
2012-07-17T00:36:54-05:00,0.0,0.0
2012-07-17T00:41:54-05:00,0.0,0.0
2012-07-17T00:46:54-05:00,0.0,0.0
2012-07-17T00:51:54-05:00,0.0,0.0
2012-07-17T00:56:54-05:00,0.0,0.0
2012-07-17T01:01:54-05:00,0.0,0.0
2012-07-17T01:06:54-05:00,0.0,0.0
2012-07-17T01:11:54-05:00,0.0,0.0
2012-07-17T01:16:54-05:00,0.0,0.0
2012-07-17T01:21:54-05:00,0.0,0.0
2012-07-17T01:26:54-05:00,0.0,0.0
2012-07-17T01:31:54-05:00,0.0,0.0
2012-07-17T01:36:54-05:00,0.0,0.0
2012-07-17T01:41:54-05:00,0.0,0.0
2012-07-17T01:46:54-05:00,0.0,0.0
2012-07-17T01:51:54-05:00,0.0,0.0
2012-07-17T01:56:54-05:00,0.0,0.0
2012-07-17T02:01:54-05:00,0.0,0.0
2012-07-17T02:06:54-05:00,0.0,0.0
2012-07-17T02:11:54-05:00,0.0,0.0
2012-07-17T02:16:54-05:00,0.0,0.0
2012-07-17T02:21:54-05:00,0.0,0.0
2012-07-17T02:26:54-05:00,0.0,0.0
2012-07-17T02:31:54-05:00,0.0,0.0
2012-07-17T02:36:54-05:00,0.0,0.0
2012-07-17T02:41:54-05:00,0.0,0.0
2012-07-17T02:46:54-05:00,0.0,0.0
2012-07-17T02:51:54-05:00,0.0,0.0
2012-07-17T02:56:54-05:00,0.0,0.0
2012-07-17T03:01:54-05:00,0.0,0.0
2012-07-17T03:06:54-05:00,0.0,0.0
2012-07-17T03:11:54-05:00,0.0,0.0
2012-07-17T03:16:54-05:00,0.0,0.0
2012-07-17T03:21:54-05:00,0.0,0.0
2012-07-17T03:26:54-05:00,0.0,0.0
2012-07-17T03:31:54-05:00,0.0,0.0
2012-07-17T03:36:54-05:00,0.0,0.0
2012-07-17T03:41:54-05:00,0.0,0.0
2012-07-17T03:46:54-05:00,0.0,0.0
2012-07-17T03:51:54-05:00,0.0,0.0
2012-07-17T03:56:54-05:00,0.0,0.0
2012-07-17T04:01:54-05:00,0.0,0.0
2012-07-17T04:06:54-05:00,0.0,0.0
2012-07-17T04:11:54-05:00,0.0,0.0
2012-07-17T04:16:54-05:00,0.0,0.0
2012-07-17T04:21:54-05:00,0.0,0.0
2012-07-17T04:26:54-05:00,0.0,0.0
2012-07-17T04:31:54-05:00,0.0,0.0
2012-07-17T04:36:54-05:00,0.0,0.0
2012-07-17T04:41:54-05:00,0.0,0.0
2012-07-17T04:46:54-05:00,0.0,0.0
2012-07-17T04:51:54-05:00,0.0,0.0
2012-07-17T04:56:54-05:00,0.0,0.0
2012-07-17T05:01:54-05:00,0.0,0.0
2012-07-17T05:06:54-05:00,0.0,0.0
2012-07-17T05:11:54-05:00,0.0,0.0
2012-07-17T05:16:54-05:00,0.0,0.0
2012-07-17T05:21:54-05:00,0.0,0.0
2012-07-17T05:26:54-05:00,0.0,0.0
2012-07-17T05:31:54-05:00,0.0,0.0
2012-07-17T05:36:54-05:00,44.0,0.0
2012-07-17T05:41:54-05:00,51.0,4.0
2012-07-17T05:46:54-05:00,67.0,5.0
2012-07-17T05:51:54-05:00,83.0,6.0
2012-07-17T05:56:54-05:00,92.0,7.0
2012-07-17T06:01:54-05:00,165.0,9.0
2012-07-17T06:06:54-05:00,255.0,17.0
2012-07-17T06:11:54-05:00,323.0,25.0
2012-07-17T06:16:54-05:00,375.0,29.0
2012-07-17T06:21:54-05:00,423.0,33.0
2012-07-17T06:26:54-05:00,471.0,37.0
2012-07-17T06:31:54-05:00,518.0,41.0
2012-07-17T06:36:54-05:00,571.0,46.0
2012-07-17T06:41:54-05:00,629.0,50.0
2012-07-17T06:46:54-05:00,685.0,55.0
2012-07-17T06:51:54-05:00,712.0,59.0
2012-07-17T06:56:54-05:00,778.0,62.0
2012-07-17T07:01:54-05:00,828.0,67.0
2012-07-17T07:06:54-05:00,876.0,71.0
2012-07-17T07:11:54-05:00,927.0,75.0
2012-07-17T07:16:54-05:00,980.0,80.0
2012-07-17T07:21:54-05:00,1022.0,83.0
2012-07-17T07:26:54-05:00,1069.0,87.0
2012-07-17T07:31:54-05:00,1124.0,83.0
2012-07-17T07:36:54-05:00,1141.0,95.0
2012-07-17T07:41:54-05:00,204.0,50.0
2012-07-17T07:46:54-05:00,1314.0,50.0
2012-07-17T07:51:54-05:00,1368.0,112.0
2012-07-17T07:56:54-05:00,1391.0,115.0
2012-07-17T08:01:54-05:00,1492.0,120.0
2012-07-17T08:06:54-05:00,1492.0,126.0
2012-07-17T08:11:54-05:00,1490.0,124.0
2012-07-17T08:16:54-05:00,1547.0,126.0
2012-07-17T08:21:54-05:00,1576.0,130.0
2012-07-17T08:26:54-05:00,1616.0,133.0
2012-07-17T08:31:54-05:00,1660.0,137.0
2012-07-17T08:36:54-05:00,1701.0,140.0
2012-07-17T08:41:54-05:00,1798.0,146.0
2012-07-17T08:46:54-05:00,1920.0,154.0
2012-07-17T08:51:54-05:00,1924.0,151.0
2012-07-17T08:56:54-05:00,495.0,49.0
2012-07-17T09:01:54-05:00,473.0,56.0
2012-07-17T09:06:54-05:00,432.0,38.0
2012-07-17T09:11:54-05:00,342.0,32.0
2012-07-17T09:16:54-05:00,434.0,30.0
2012-07-17T09:21:54-05:00,2231.0,69.0
2012-07-17T09:26:54-05:00,2063.0,170.0
2012-07-17T09:31:54-05:00,2043.0,172.0
2012-07-17T09:36:54-05:00,2006.0,169.0
2012-07-17T09:41:54-05:00,2172.0,173.0
2012-07-17T09:46:54-05:00,619.0,104.0
2012-07-17T09:51:54-05:00,2092.0,77.0
2012-07-17T09:56:54-05:00,635.0,156.0
2012-07-17T10:01:54-05:00,2338.0,136.0
2012-07-17T10:06:54-05:00,2251.0,188.0
2012-07-17T10:11:54-05:00,2271.0,187.0
2012-07-17T10:16:54-05:00,1982.0,192.0
2012-07-17T10:21:54-05:00,662.0,102.0
2012-07-17T10:26:54-05:00,2395.0,125.0
2012-07-17T10:31:54-05:00,2251.0,192.0
2012-07-17T10:36:54-05:00,1255.0,122.0
2012-07-17T10:41:54-05:00,2189.0,80.0
2012-07-17T10:46:54-05:00,2208.0,142.0
2012-07-17T10:51:54-05:00,706.0,123.0
2012-07-17T10:56:54-05:00,790.0,57.0
2012-07-17T11:01:54-05:00,842.0,96.0
2012-07-17T11:06:54-05:00,2758.0,126.0
2012-07-17T11:11:54-05:00,985.0,168.0
2012-07-17T11:16:54-05:00,2417.0,150.0
2012-07-17T11:21:54-05:00,2334.0,194.0
2012-07-17T11:26:54-05:00,2309.0,188.0
2012-07-17T11:31:54-05:00,2282.0,191.0
2012-07-17T11:36:54-05:00,2245.0,189.0
2012-07-17T11:41:54-05:00,2171.0,186.0
2012-07-17T11:46:54-05:00,2143.0,182.0
2012-07-17T11:51:54-05:00,2142.0,179.0
2012-07-17T11:56:54-05:00,2121.0,178.0
2012-07-17T12:01:54-05:00,2091.0,175.0
2012-07-17T12:06:54-05:00,2115.0,176.0
2012-07-17T12:11:54-05:00,2048.0,174.0
2012-07-17T12:16:54-05:00,2068.0,173.0
2012-07-17T12:21:54-05:00,2028.0,169.0
2012-07-17T12:26:54-05:00,2038.0,170.0
2012-07-17T12:31:54-05:00,2103.0,172.0
2012-07-17T12:36:54-05:00,2145.0,173.0
2012-07-17T12:41:54-05:00,2352.0,94.0
2012-07-17T12:46:54-05:00,2060.0,182.0
2012-07-17T12:51:54-05:00,1970.0,166.0
2012-07-17T12:56:54-05:00,1949.0,163.0
2012-07-17T13:01:54-05:00,1925.0,161.0
2012-07-17T13:06:54-05:00,1887.0,145.0
2012-07-17T13:11:54-05:00,1867.0,157.0
2012-07-17T13:16:54-05:00,1859.0,156.0
2012-07-17T13:21:54-05:00,1839.0,154.0
2012-07-17T13:26:54-05:00,1842.0,154.0
2012-07-17T13:31:54-05:00,1831.0,154.0
2012-07-17T13:36:54-05:00,1792.0,151.0
2012-07-17T13:41:54-05:00,1774.0,149.0
2012-07-17T13:46:54-05:00,1793.0,148.0
2012-07-17T13:51:54-05:00,1831.0,153.0
2012-07-17T13:56:54-05:00,1748.0,149.0
2012-07-17T14:01:54-05:00,1678.0,141.0
2012-07-17T14:06:54-05:00,1720.0,141.0
2012-07-17T14:11:54-05:00,1653.0,142.0
2012-07-17T14:16:54-05:00,1679.0,138.0
2012-07-17T14:21:54-05:00,1672.0,133.0
2012-07-17T14:26:54-05:00,1621.0,136.0
2012-07-17T14:31:54-05:00,1219.0,135.0
2012-07-17T14:36:54-05:00,1581.0,59.0
2012-07-17T14:41:54-05:00,1509.0,129.0
2012-07-17T14:46:54-05:00,1528.0,128.0
2012-07-17T14:51:54-05:00,1490.0,127.0
2012-07-17T14:56:54-05:00,1447.0,121.0
2012-07-17T15:01:54-05:00,1427.0,121.0
2012-07-17T15:06:54-05:00,1357.0,117.0
2012-07-17T15:11:54-05:00,1183.0,107.0
2012-07-17T15:16:54-05:00,1180.0,95.0
2012-07-17T15:21:54-05:00,1142.0,97.0
2012-07-17T15:26:54-05:00,1047.0,91.0
2012-07-17T15:31:54-05:00,1016.0,87.0
2012-07-17T15:36:54-05:00,958.0,81.0
2012-07-17T15:41:54-05:00,895.0,76.0
2012-07-17T15:46:54-05:00,791.0,72.0
2012-07-17T15:51:54-05:00,728.0,62.0
2012-07-17T15:56:54-05:00,728.0,60.0
2012-07-17T16:01:54-05:00,395.0,44.0
2012-07-17T16:06:54-05:00,446.0,33.0
2012-07-17T16:11:54-05:00,607.0,48.0
2012-07-17T16:16:54-05:00,345.0,45.0
2012-07-17T16:21:54-05:00,449.0,38.0
2012-07-17T16:26:54-05:00,539.0,43.0
2012-07-17T16:31:54-05:00,455.0,41.0
2012-07-17T16:36:54-05:00,411.0,37.0
2012-07-17T16:41:54-05:00,378.0,33.0
2012-07-17T16:46:54-05:00,410.0,33.0
2012-07-17T16:51:54-05:00,323.0,29.0
2012-07-17T16:56:54-05:00,273.0,25.0
2012-07-17T17:01:54-05:00,247.0,20.0
2012-07-17T17:06:54-05:00,260.0,21.0
2012-07-17T17:11:54-05:00,267.0,21.0
2012-07-17T17:16:54-05:00,258.0,23.0
2012-07-17T17:21:54-05:00,231.0,21.0
2012-07-17T17:26:54-05:00,178.0,17.0
2012-07-17T17:31:54-05:00,161.0,14.0
2012-07-17T17:36:54-05:00,122.0,11.0
2012-07-17T17:41:54-05:00,134.0,11.0
2012-07-17T17:46:54-05:00,150.0,12.0
2012-07-17T17:51:54-05:00,128.0,12.0
2012-07-17T17:56:54-05:00,117.0,10.0
2012-07-17T18:01:54-05:00,98.0,9.0
2012-07-17T18:06:54-05:00,89.0,8.0
2012-07-17T18:11:54-05:00,83.0,7.0
2012-07-17T18:16:54-05:00,61.0,6.0
2012-07-17T18:21:54-05:00,50.0,5.0
2012-07-17T18:26:54-05:00,33.0,3.0
2012-07-17T18:31:54-05:00,22.0,2.0
2012-07-17T18:36:54-05:00,17.0,2.0
2012-07-17T18:41:54-05:00,5.0,1.0
2012-07-17T18:46:54-05:00,0.0,0.0
2012-07-17T18:51:54-05:00,0.0,0.0
2012-07-17T18:56:54-05:00,0.0,0.0
2012-07-17T19:01:54-05:00,0.0,0.0
2012-07-17T19:06:54-05:00,0.0,0.0
2012-07-17T19:11:54-05:00,0.0,0.0
2012-07-17T19:16:54-05:00,0.0,0.0
2012-07-17T19:21:54-05:00,0.0,0.0
2012-07-17T19:26:54-05:00,0.0,0.0
2012-07-17T19:31:54-05:00,0.0,0.0
2012-07-17T19:36:54-05:00,0.0,0.0
2012-07-17T19:41:54-05:00,0.0,0.0
2012-07-17T19:46:54-05:00,0.0,0.0
2012-07-17T19:51:54-05:00,0.0,0.0
2012-07-17T19:56:54-05:00,0.0,0.0
2012-07-17T20:01:54-05:00,0.0,0.0
2012-07-17T20:06:54-05:00,0.0,0.0
2012-07-17T20:11:54-05:00,0.0,0.0
2012-07-17T20:16:54-05:00,0.0,0.0
2012-07-17T20:21:54-05:00,0.0,0.0
2012-07-17T20:26:54-05:00,0.0,0.0
2012-07-17T20:31:54-05:00,0.0,0.0
2012-07-17T20:36:54-05:00,0.0,0.0
2012-07-17T20:41:54-05:00,0.0,0.0
2012-07-17T20:46:54-05:00,0.0,0.0
2012-07-17T20:51:54-05:00,0.0,0.0
2012-07-17T20:56:54-05:00,0.0,0.0
2012-07-17T21:01:54-05:00,0.0,0.0
2012-07-17T21:06:54-05:00,0.0,0.0
2012-07-17T21:11:54-05:00,0.0,0.0
2012-07-17T21:16:54-05:00,0.0,0.0
2012-07-17T21:21:54-05:00,0.0,0.0
2012-07-17T21:26:54-05:00,0.0,0.0
2012-07-17T21:31:54-05:00,0.0,0.0
2012-07-17T21:36:54-05:00,0.0,0.0
2012-07-17T21:41:54-05:00,0.0,0.0
2012-07-17T21:46:54-05:00,0.0,0.0
2012-07-17T21:51:54-05:00,0.0,0.0
2012-07-17T21:56:54-05:00,0.0,0.0
2012-07-17T22:01:54-05:00,0.0,0.0
2012-07-17T22:06:54-05:00,0.0,0.0
2012-07-17T22:11:54-05:00,0.0,0.0
2012-07-17T22:16:54-05:00,0.0,0.0
2012-07-17T22:21:54-05:00,0.0,0.0
2012-07-17T22:26:54-05:00,0.0,0.0
2012-07-17T22:31:54-05:00,0.0,0.0
2012-07-17T22:36:54-05:00,0.0,0.0
2012-07-17T22:41:54-05:00,0.0,0.0
2012-07-17T22:46:54-05:00,0.0,0.0
2012-07-17T22:51:54-05:00,0.0,0.0
2012-07-17T22:56:54-05:00,0.0,0.0
2012-07-17T23:01:54-05:00,0.0,0.0
2012-07-17T23:06:54-05:00,0.0,0.0
2012-07-17T23:11:54-05:00,0.0,0.0
2012-07-17T23:16:54-05:00,0.0,0.0
2012-07-17T23:21:54-05:00,0.0,0.0
2012-07-17T23:26:54-05:00,0.0,0.0
2012-07-17T23:31:54-05:00,0.0,0.0
2012-07-17T23:36:54-05:00,0.0,0.0
2012-07-17T23:41:54-05:00,0.0,0.0
2012-07-17T23:46:54-05:00,0.0,0.0
2012-07-17T23:51:54-05:00,0.0,0.0
2012-07-17T23:56:54-05:00,0.0,0.0
2012-07-18T00:01:54-05:00,0.0,0.0
2012-07-18T00:06:54-05:00,0.0,0.0
2012-07-18T00:11:54-05:00,0.0,0.0
2012-07-18T00:16:54-05:00,0.0,0.0
2012-07-18T00:21:46-05:00,0.0,0.0
2012-07-18T00:26:46-05:00,0.0,0.0
2012-07-18T00:31:46-05:00,0.0,0.0
2012-07-18T00:36:46-05:00,0.0,0.0
2012-07-18T00:41:46-05:00,0.0,0.0
2012-07-18T00:46:46-05:00,0.0,0.0
2012-07-18T00:51:46-05:00,0.0,0.0
2012-07-18T00:56:46-05:00,0.0,0.0
2012-07-18T01:01:46-05:00,0.0,0.0
2012-07-18T01:06:46-05:00,0.0,0.0
2012-07-18T01:11:46-05:00,0.0,0.0
2012-07-18T01:16:46-05:00,0.0,0.0
2012-07-18T01:21:46-05:00,0.0,0.0
2012-07-18T01:26:46-05:00,0.0,0.0
2012-07-18T01:31:46-05:00,0.0,0.0
2012-07-18T01:36:46-05:00,0.0,0.0
2012-07-18T01:41:46-05:00,0.0,0.0
2012-07-18T01:46:46-05:00,0.0,0.0
2012-07-18T01:51:46-05:00,0.0,0.0
2012-07-18T01:56:46-05:00,0.0,0.0
2012-07-18T02:01:46-05:00,0.0,0.0
2012-07-18T02:06:46-05:00,0.0,0.0
2012-07-18T02:11:46-05:00,0.0,0.0
2012-07-18T02:16:46-05:00,0.0,0.0
2012-07-18T02:21:46-05:00,0.0,0.0
2012-07-18T02:26:46-05:00,0.0,0.0
2012-07-18T02:31:46-05:00,0.0,0.0
2012-07-18T02:36:46-05:00,0.0,0.0
2012-07-18T02:41:46-05:00,0.0,0.0
2012-07-18T02:46:46-05:00,0.0,0.0
2012-07-18T02:51:46-05:00,0.0,0.0
2012-07-18T02:56:46-05:00,0.0,0.0
2012-07-18T03:01:46-05:00,0.0,0.0
2012-07-18T03:06:46-05:00,0.0,0.0
2012-07-18T03:11:46-05:00,0.0,0.0
2012-07-18T03:16:46-05:00,0.0,0.0
2012-07-18T03:21:46-05:00,0.0,0.0
2012-07-18T03:26:46-05:00,0.0,0.0
2012-07-18T03:31:46-05:00,0.0,0.0
2012-07-18T03:36:46-05:00,0.0,0.0
2012-07-18T03:41:46-05:00,0.0,0.0
2012-07-18T03:46:46-05:00,0.0,0.0
2012-07-18T03:51:46-05:00,0.0,0.0
2012-07-18T03:56:46-05:00,0.0,0.0
2012-07-18T04:01:46-05:00,0.0,0.0
2012-07-18T04:06:46-05:00,0.0,0.0
2012-07-18T04:11:46-05:00,0.0,0.0
2012-07-18T04:16:46-05:00,0.0,0.0
2012-07-18T04:21:46-05:00,0.0,0.0
2012-07-18T04:26:46-05:00,0.0,0.0
2012-07-18T04:31:46-05:00,0.0,0.0
2012-07-18T04:36:46-05:00,0.0,0.0
2012-07-18T04:41:46-05:00,0.0,0.0
2012-07-18T04:46:46-05:00,0.0,0.0
2012-07-18T04:51:46-05:00,0.0,0.0
2012-07-18T04:56:46-05:00,0.0,0.0
2012-07-18T05:01:46-05:00,0.0,0.0
2012-07-18T05:06:46-05:00,0.0,0.0
2012-07-18T05:11:46-05:00,0.0,0.0
2012-07-18T05:16:46-05:00,0.0,0.0
2012-07-18T05:21:46-05:00,0.0,0.0
2012-07-18T05:26:46-05:00,0.0,0.0
2012-07-18T05:31:46-05:00,0.0,0.0
2012-07-18T05:36:46-05:00,0.0,0.0
2012-07-18T05:41:46-05:00,0.0,0.0
2012-07-18T05:46:46-05:00,0.0,0.0
2012-07-18T05:51:46-05:00,33.0,2.0
2012-07-18T05:56:46-05:00,44.0,3.0
2012-07-18T06:01:46-05:00,43.0,3.0
2012-07-18T06:06:46-05:00,45.0,4.0
2012-07-18T06:11:46-05:00,50.0,4.0
2012-07-18T06:16:46-05:00,50.0,4.0
2012-07-18T06:21:46-05:00,44.0,4.0
2012-07-18T06:26:46-05:00,57.0,4.0
2012-07-18T06:31:46-05:00,76.0,5.0
2012-07-18T06:36:46-05:00,94.0,8.0
2012-07-18T06:41:46-05:00,89.0,8.0
2012-07-18T06:46:46-05:00,94.0,8.0
2012-07-18T06:51:46-05:00,77.0,7.0
2012-07-18T06:56:46-05:00,100.0,7.0
2012-07-18T07:01:46-05:00,144.0,10.0
2012-07-18T07:06:46-05:00,199.0,14.0
2012-07-18T07:11:46-05:00,214.0,17.0
2012-07-18T07:16:46-05:00,200.0,19.0
2012-07-18T07:21:46-05:00,190.0,16.0
2012-07-18T07:26:46-05:00,173.0,15.0
2012-07-18T07:31:46-05:00,189.0,15.0
2012-07-18T07:36:46-05:00,284.0,20.0
2012-07-18T07:41:46-05:00,430.0,30.0
2012-07-18T07:46:46-05:00,690.0,53.0
2012-07-18T07:51:46-05:00,601.0,55.0
2012-07-18T07:56:46-05:00,592.0,49.0
2012-07-18T08:01:46-05:00,623.0,51.0
2012-07-18T08:06:46-05:00,611.0,51.0
2012-07-18T08:11:46-05:00,647.0,52.0
2012-07-18T08:16:46-05:00,706.0,57.0
2012-07-18T08:21:46-05:00,800.0,64.0
2012-07-18T08:26:46-05:00,829.0,69.0
2012-07-18T08:31:46-05:00,950.0,72.0
2012-07-18T08:36:46-05:00,1218.0,90.0
2012-07-18T08:41:46-05:00,1145.0,110.0
2012-07-18T08:46:46-05:00,1515.0,118.0
2012-07-18T08:51:46-05:00,1633.0,133.0
2012-07-18T08:56:46-05:00,1717.0,139.0
2012-07-18T09:01:46-05:00,1741.0,145.0
2012-07-18T09:06:46-05:00,1771.0,147.0
2012-07-18T09:11:46-05:00,1854.0,152.0
2012-07-18T09:16:46-05:00,1902.0,156.0
2012-07-18T09:21:46-05:00,1114.0,125.0
2012-07-18T09:26:46-05:00,1979.0,158.0
2012-07-18T09:31:46-05:00,535.0,95.0
2012-07-18T09:36:46-05:00,2188.0,72.0
2012-07-18T09:41:46-05:00,761.0,176.0
2012-07-18T09:46:46-05:00,2167.0,112.0
2012-07-18T09:51:46-05:00,841.0,173.0
2012-07-18T09:56:46-05:00,2054.0,169.0
2012-07-18T10:01:46-05:00,1995.0,168.0
2012-07-18T10:06:46-05:00,2041.0,169.0
2012-07-18T10:11:46-05:00,2094.0,172.0
2012-07-18T10:16:46-05:00,2126.0,132.0
2012-07-18T10:21:46-05:00,2122.0,176.0
2012-07-18T10:26:46-05:00,2086.0,175.0
2012-07-18T10:31:46-05:00,2133.0,176.0
2012-07-18T10:36:46-05:00,2188.0,180.0
2012-07-18T10:41:46-05:00,2224.0,184.0
2012-07-18T10:46:46-05:00,2341.0,192.0
2012-07-18T10:51:46-05:00,1675.0,152.0
2012-07-18T10:56:46-05:00,1407.0,141.0
2012-07-18T11:01:46-05:00,1550.0,126.0
2012-07-18T11:06:46-05:00,2471.0,161.0
2012-07-18T11:11:46-05:00,2372.0,197.0
2012-07-18T11:16:46-05:00,2220.0,185.0
2012-07-18T11:21:46-05:00,1618.0,186.0
2012-07-18T11:26:46-05:00,993.0,177.0
2012-07-18T11:31:46-05:00,2300.0,173.0
2012-07-18T11:36:46-05:00,2400.0,189.0
2012-07-18T11:41:46-05:00,974.0,128.0
2012-07-18T11:46:46-05:00,320.0,119.0
2012-07-18T11:51:46-05:00,314.0,25.0
2012-07-18T11:56:46-05:00,439.0,30.0
2012-07-18T12:01:46-05:00,389.0,34.0
2012-07-18T12:06:46-05:00,418.0,33.0
2012-07-18T12:11:46-05:00,424.0,35.0
2012-07-18T12:16:46-05:00,394.0,35.0
2012-07-18T12:21:46-05:00,511.0,38.0
2012-07-18T12:26:46-05:00,574.0,45.0
2012-07-18T12:31:46-05:00,640.0,51.0
2012-07-18T12:36:46-05:00,696.0,56.0
2012-07-18T12:41:46-05:00,760.0,61.0
2012-07-18T12:46:46-05:00,852.0,67.0
2012-07-18T12:51:46-05:00,918.0,74.0
2012-07-18T12:56:46-05:00,1002.0,80.0
2012-07-18T13:01:46-05:00,1158.0,90.0
2012-07-18T13:06:46-05:00,1128.0,95.0
2012-07-18T13:11:46-05:00,1215.0,96.0
2012-07-18T13:16:46-05:00,1308.0,106.0
2012-07-18T13:21:46-05:00,1320.0,109.0
2012-07-18T13:26:46-05:00,934.0,101.0
2012-07-18T13:31:46-05:00,1379.0,92.0
2012-07-18T13:36:46-05:00,1508.0,127.0
2012-07-18T13:41:46-05:00,1141.0,110.0
2012-07-18T13:46:46-05:00,1293.0,98.0
2012-07-18T13:51:46-05:00,1626.0,124.0
2012-07-18T13:56:46-05:00,1581.0,135.0
2012-07-18T14:01:46-05:00,1614.0,134.0
2012-07-18T14:06:46-05:00,1683.0,139.0
2012-07-18T14:11:46-05:00,1710.0,141.0
2012-07-18T14:16:46-05:00,1675.0,128.0
2012-07-18T14:21:46-05:00,1590.0,135.0
2012-07-18T14:26:46-05:00,1605.0,133.0
2012-07-18T14:31:46-05:00,1491.0,134.0
2012-07-18T14:36:46-05:00,1308.0,107.0
2012-07-18T14:41:46-05:00,1268.0,111.0
2012-07-18T14:46:46-05:00,1247.0,106.0
2012-07-18T14:51:46-05:00,1202.0,103.0
2012-07-18T14:56:46-05:00,1136.0,95.0
2012-07-18T15:01:46-05:00,990.0,89.0
2012-07-18T15:06:46-05:00,916.0,78.0
2012-07-18T15:11:46-05:00,807.0,72.0
2012-07-18T15:16:46-05:00,844.0,70.0
2012-07-18T15:21:46-05:00,829.0,70.0
2012-07-18T15:26:46-05:00,862.0,71.0
2012-07-18T15:31:46-05:00,804.0,70.0
2012-07-18T15:36:46-05:00,796.0,66.0
2012-07-18T15:41:46-05:00,750.0,66.0
2012-07-18T15:46:46-05:00,683.0,60.0
2012-07-18T15:51:46-05:00,684.0,57.0
2012-07-18T15:56:46-05:00,656.0,56.0
2012-07-18T16:01:46-05:00,627.0,52.0
2012-07-18T16:06:46-05:00,629.0,53.0
2012-07-18T16:11:46-05:00,615.0,52.0
2012-07-18T16:16:46-05:00,579.0,50.0
2012-07-18T16:21:46-05:00,512.0,46.0
2012-07-18T16:26:46-05:00,501.0,42.0
2012-07-18T16:31:46-05:00,468.0,40.0
2012-07-18T16:36:46-05:00,432.0,38.0
2012-07-18T16:41:46-05:00,390.0,34.0
2012-07-18T16:46:46-05:00,362.0,31.0
2012-07-18T16:51:46-05:00,323.0,28.0
2012-07-18T16:56:46-05:00,275.0,25.0
2012-07-18T17:01:46-05:00,234.0,21.0
2012-07-18T17:06:46-05:00,210.0,19.0
2012-07-18T17:11:46-05:00,195.0,17.0
2012-07-18T17:16:46-05:00,178.0,16.0
2012-07-18T17:21:46-05:00,171.0,15.0
2012-07-18T17:26:46-05:00,160.0,14.0
2012-07-18T17:31:46-05:00,146.0,13.0
2012-07-18T17:36:46-05:00,122.0,11.0
2012-07-18T17:41:46-05:00,106.0,10.0
2012-07-18T17:46:46-05:00,89.0,8.0
2012-07-18T17:51:46-05:00,73.0,7.0
2012-07-18T17:56:46-05:00,72.0,6.0
2012-07-18T18:01:46-05:00,72.0,6.0
2012-07-18T18:06:46-05:00,61.0,5.0
2012-07-18T18:11:46-05:00,55.0,5.0
2012-07-18T18:16:46-05:00,45.0,4.0
2012-07-18T18:21:46-05:00,28.0,3.0
2012-07-18T18:26:46-05:00,22.0,2.0
2012-07-18T18:31:46-05:00,6.0,1.0
2012-07-18T18:36:46-05:00,0.0,0.0
2012-07-18T18:41:46-05:00,0.0,0.0
2012-07-18T18:46:46-05:00,0.0,0.0
2012-07-18T18:51:46-05:00,0.0,0.0
2012-07-18T18:56:46-05:00,0.0,0.0
2012-07-18T19:01:46-05:00,0.0,0.0
2012-07-18T19:06:46-05:00,0.0,0.0
2012-07-18T19:11:46-05:00,0.0,0.0
2012-07-18T19:16:46-05:00,0.0,0.0
2012-07-18T19:21:46-05:00,0.0,0.0
2012-07-18T19:26:46-05:00,0.0,0.0
2012-07-18T19:31:46-05:00,0.0,0.0
2012-07-18T19:36:46-05:00,0.0,0.0
2012-07-18T19:41:46-05:00,0.0,0.0
2012-07-18T19:46:46-05:00,0.0,0.0
2012-07-18T19:51:46-05:00,0.0,0.0
2012-07-18T19:56:46-05:00,0.0,0.0
2012-07-18T20:01:46-05:00,0.0,0.0
2012-07-18T20:06:46-05:00,0.0,0.0
2012-07-18T20:11:46-05:00,0.0,0.0
2012-07-18T20:16:46-05:00,0.0,0.0
2012-07-18T20:21:46-05:00,0.0,0.0
2012-07-18T20:26:46-05:00,0.0,0.0
2012-07-18T20:31:46-05:00,0.0,0.0
2012-07-18T20:36:46-05:00,0.0,0.0
2012-07-18T20:41:46-05:00,0.0,0.0
2012-07-18T20:46:46-05:00,0.0,0.0
2012-07-18T20:51:46-05:00,0.0,0.0
2012-07-18T20:56:46-05:00,0.0,0.0
2012-07-18T21:01:46-05:00,0.0,0.0
2012-07-18T21:06:46-05:00,0.0,0.0
2012-07-18T21:11:46-05:00,0.0,0.0
2012-07-18T21:16:46-05:00,0.0,0.0
2012-07-18T21:21:46-05:00,0.0,0.0
2012-07-18T21:26:46-05:00,0.0,0.0
2012-07-18T21:31:46-05:00,0.0,0.0
2012-07-18T21:36:46-05:00,0.0,0.0
2012-07-18T21:41:46-05:00,0.0,0.0
2012-07-18T21:46:46-05:00,0.0,0.0
2012-07-18T21:51:46-05:00,0.0,0.0
2012-07-18T21:56:46-05:00,0.0,0.0
2012-07-18T22:01:46-05:00,0.0,0.0
2012-07-18T22:06:46-05:00,0.0,0.0
2012-07-18T22:11:46-05:00,0.0,0.0
2012-07-18T22:16:46-05:00,0.0,0.0
2012-07-18T22:21:46-05:00,0.0,0.0
2012-07-18T22:26:46-05:00,0.0,0.0
2012-07-18T22:31:46-05:00,0.0,0.0
2012-07-18T22:36:46-05:00,0.0,0.0
2012-07-18T22:41:46-05:00,0.0,0.0
2012-07-18T22:46:46-05:00,0.0,0.0
2012-07-18T22:51:46-05:00,0.0,0.0
2012-07-18T22:56:46-05:00,0.0,0.0
2012-07-18T23:01:46-05:00,0.0,0.0
2012-07-18T23:06:46-05:00,0.0,0.0
2012-07-18T23:11:46-05:00,0.0,0.0
2012-07-18T23:16:46-05:00,0.0,0.0
2012-07-18T23:21:46-05:00,0.0,0.0
2012-07-18T23:26:46-05:00,0.0,0.0
2012-07-18T23:31:46-05:00,0.0,0.0
2012-07-18T23:36:46-05:00,0.0,0.0
2012-07-18T23:41:46-05:00,0.0,0.0
2012-07-18T23:46:46-05:00,0.0,0.0
2012-07-18T23:51:46-05:00,0.0,0.0
2012-07-18T23:56:46-05:00,0.0,0.0
2012-07-19T00:01:46-05:00,0.0,0.0
2012-07-19T00:06:46-05:00,0.0,0.0
2012-07-19T00:11:46-05:00,0.0,0.0
2012-07-19T00:16:46-05:00,0.0,0.0
2012-07-19T00:21:46-05:00,0.0,0.0
2012-07-19T00:26:46-05:00,0.0,0.0
2012-07-19T00:31:46-05:00,0.0,0.0
2012-07-19T00:36:46-05:00,0.0,0.0
2012-07-19T00:41:46-05:00,0.0,0.0
2012-07-19T00:46:46-05:00,0.0,0.0
2012-07-19T00:51:46-05:00,0.0,0.0
2012-07-19T00:56:46-05:00,0.0,0.0
2012-07-19T01:01:46-05:00,0.0,0.0
2012-07-19T01:06:46-05:00,0.0,0.0
2012-07-19T01:11:46-05:00,0.0,0.0
2012-07-19T01:16:46-05:00,0.0,0.0
2012-07-19T01:21:46-05:00,0.0,0.0
2012-07-19T01:26:46-05:00,0.0,0.0
2012-07-19T01:31:46-05:00,0.0,0.0
2012-07-19T01:36:46-05:00,0.0,0.0
2012-07-19T01:41:46-05:00,0.0,0.0
2012-07-19T01:46:46-05:00,0.0,0.0
2012-07-19T01:51:46-05:00,0.0,0.0
2012-07-19T01:56:46-05:00,0.0,0.0
2012-07-19T02:01:46-05:00,0.0,0.0
2012-07-19T02:06:46-05:00,0.0,0.0
2012-07-19T02:11:46-05:00,0.0,0.0
2012-07-19T02:16:46-05:00,0.0,0.0
2012-07-19T02:21:46-05:00,0.0,0.0
2012-07-19T02:26:46-05:00,0.0,0.0
2012-07-19T02:31:46-05:00,0.0,0.0
2012-07-19T02:36:46-05:00,0.0,0.0
2012-07-19T02:41:46-05:00,0.0,0.0
2012-07-19T02:46:46-05:00,0.0,0.0
2012-07-19T02:51:46-05:00,0.0,0.0
2012-07-19T02:56:46-05:00,0.0,0.0
2012-07-19T03:01:46-05:00,0.0,0.0
2012-07-19T03:06:46-05:00,0.0,0.0
2012-07-19T03:11:46-05:00,0.0,0.0
2012-07-19T03:16:46-05:00,0.0,0.0
2012-07-19T03:21:46-05:00,0.0,0.0
2012-07-19T03:26:46-05:00,0.0,0.0
2012-07-19T03:31:46-05:00,0.0,0.0
2012-07-19T03:36:46-05:00,0.0,0.0
2012-07-19T03:41:46-05:00,0.0,0.0
2012-07-19T03:46:46-05:00,0.0,0.0
2012-07-19T03:51:46-05:00,0.0,0.0
2012-07-19T03:56:46-05:00,0.0,0.0
2012-07-19T04:01:46-05:00,0.0,0.0
2012-07-19T04:06:46-05:00,0.0,0.0
2012-07-19T04:11:46-05:00,0.0,0.0
2012-07-19T04:16:46-05:00,0.0,0.0
2012-07-19T04:21:46-05:00,0.0,0.0
2012-07-19T04:26:46-05:00,0.0,0.0
2012-07-19T04:31:46-05:00,0.0,0.0
2012-07-19T04:36:46-05:00,0.0,0.0
2012-07-19T04:41:46-05:00,0.0,0.0
2012-07-19T04:46:46-05:00,0.0,0.0
2012-07-19T04:51:46-05:00,0.0,0.0
2012-07-19T04:56:46-05:00,0.0,0.0
2012-07-19T05:01:46-05:00,0.0,0.0
2012-07-19T05:06:46-05:00,0.0,0.0
2012-07-19T05:11:46-05:00,0.0,0.0
2012-07-19T05:16:46-05:00,0.0,0.0
2012-07-19T05:21:46-05:00,0.0,0.0
2012-07-19T05:26:46-05:00,0.0,0.0
2012-07-19T05:31:46-05:00,0.0,0.0
2012-07-19T05:36:46-05:00,0.0,0.0
2012-07-19T05:41:46-05:00,0.0,0.0
2012-07-19T05:46:46-05:00,67.0,5.0
2012-07-19T05:51:46-05:00,106.0,8.0
2012-07-19T05:56:46-05:00,128.0,10.0
2012-07-19T06:01:46-05:00,152.0,11.0
2012-07-19T06:06:46-05:00,184.0,14.0
2012-07-19T06:11:46-05:00,220.0,17.0
2012-07-19T06:16:46-05:00,241.0,19.0
2012-07-19T06:21:46-05:00,286.0,22.0
2012-07-19T06:26:46-05:00,362.0,26.0
2012-07-19T06:31:46-05:00,573.0,35.0
2012-07-19T06:36:46-05:00,539.0,45.0
2012-07-19T06:41:46-05:00,508.0,43.0
2012-07-19T06:46:46-05:00,511.0,46.0
2012-07-19T06:51:46-05:00,702.0,47.0
2012-07-19T06:56:46-05:00,628.0,66.0
2012-07-19T07:01:46-05:00,434.0,40.0
2012-07-19T07:06:46-05:00,397.0,34.0
2012-07-19T07:11:46-05:00,449.0,35.0
2012-07-19T07:16:46-05:00,528.0,42.0
2012-07-19T07:21:46-05:00,846.0,57.0
2012-07-19T07:26:46-05:00,1280.0,96.0
2012-07-19T07:31:46-05:00,1347.0,109.0
2012-07-19T07:36:46-05:00,1280.0,110.0
2012-07-19T07:41:46-05:00,1208.0,103.0
2012-07-19T07:46:46-05:00,1259.0,102.0
2012-07-19T07:51:46-05:00,1283.0,106.0
2012-07-19T07:56:46-05:00,1288.0,107.0
2012-07-19T08:01:46-05:00,1332.0,110.0
2012-07-19T08:06:46-05:00,1371.0,114.0
2012-07-19T08:11:46-05:00,1401.0,116.0
2012-07-19T08:16:46-05:00,908.0,104.0
2012-07-19T08:21:46-05:00,1046.0,88.0
2012-07-19T08:26:46-05:00,812.0,74.0
2012-07-19T08:31:46-05:00,917.0,94.0
2012-07-19T08:36:46-05:00,1896.0,136.0
2012-07-19T08:41:46-05:00,1236.0,102.0
2012-07-19T08:46:46-05:00,1168.0,106.0
2012-07-19T08:51:46-05:00,1168.0,104.0
2012-07-19T08:56:46-05:00,570.0,62.0
2012-07-19T09:01:46-05:00,369.0,39.0
2012-07-19T09:06:46-05:00,312.0,28.0
2012-07-19T09:11:46-05:00,323.0,26.0
2012-07-19T09:16:46-05:00,317.0,28.0
2012-07-19T09:21:46-05:00,323.0,27.0
2012-07-19T09:26:46-05:00,344.0,28.0
2012-07-19T09:31:46-05:00,390.0,30.0
2012-07-19T09:36:46-05:00,502.0,36.0
2012-07-19T09:41:46-05:00,1085.0,56.0
2012-07-19T09:46:46-05:00,836.0,134.0
2012-07-19T09:51:46-05:00,2171.0,134.0
2012-07-19T09:56:46-05:00,449.0,50.0
2012-07-19T10:01:46-05:00,429.0,36.0
2012-07-19T10:06:46-05:00,442.0,34.0
2012-07-19T10:11:46-05:00,468.0,40.0
2012-07-19T10:16:46-05:00,377.0,35.0
2012-07-19T10:21:46-05:00,477.0,34.0
2012-07-19T10:26:46-05:00,617.0,59.0
2012-07-19T10:31:46-05:00,356.0,41.0
2012-07-19T10:36:46-05:00,278.0,24.0
2012-07-19T10:41:46-05:00,373.0,28.0
2012-07-19T10:46:46-05:00,651.0,37.0
2012-07-19T10:51:46-05:00,704.0,61.0
2012-07-19T10:56:46-05:00,2739.0,108.0
2012-07-19T11:01:46-05:00,1559.0,214.0
2012-07-19T11:06:46-05:00,856.0,82.0
2012-07-19T11:11:46-05:00,2485.0,94.0
2012-07-19T11:16:46-05:00,2509.0,198.0
2012-07-19T11:21:46-05:00,679.0,114.0
2012-07-19T11:26:46-05:00,461.0,46.0
2012-07-19T11:31:46-05:00,400.0,33.0
2012-07-19T11:36:46-05:00,445.0,46.0
2012-07-19T11:41:46-05:00,551.0,44.0
2012-07-19T11:46:46-05:00,443.0,44.0
2012-07-19T11:51:46-05:00,487.0,37.0
2012-07-19T11:56:46-05:00,507.0,44.0
2012-07-19T12:01:46-05:00,247.0,31.0
2012-07-19T12:06:46-05:00,77.0,13.0
2012-07-19T12:11:46-05:00,11.0,3.0
2012-07-19T12:16:46-05:00,6.0,1.0
2012-07-19T12:21:46-05:00,11.0,1.0
2012-07-19T12:26:46-05:00,39.0,2.0
2012-07-19T12:31:46-05:00,84.0,5.0
2012-07-19T12:36:46-05:00,97.0,7.0
2012-07-19T12:41:46-05:00,174.0,12.0
2012-07-19T12:46:46-05:00,161.0,13.0
2012-07-19T12:51:46-05:00,133.0,12.0
2012-07-19T12:56:46-05:00,134.0,11.0
2012-07-19T13:01:46-05:00,128.0,11.0
2012-07-19T13:06:46-05:00,139.0,11.0
2012-07-19T13:11:46-05:00,161.0,13.0
2012-07-19T13:16:46-05:00,291.0,19.0
2012-07-19T13:21:46-05:00,311.0,29.0
2012-07-19T13:26:46-05:00,279.0,23.0
2012-07-19T13:31:46-05:00,394.0,30.0
2012-07-19T13:36:46-05:00,390.0,33.0
2012-07-19T13:41:46-05:00,444.0,35.0
2012-07-19T13:46:46-05:00,473.0,40.0
2012-07-19T13:51:46-05:00,453.0,38.0
2012-07-19T13:56:46-05:00,483.0,39.0
2012-07-19T14:01:46-05:00,480.0,40.0
2012-07-19T14:06:46-05:00,428.0,38.0
2012-07-19T14:11:46-05:00,356.0,33.0
2012-07-19T14:16:46-05:00,200.0,23.0
2012-07-19T14:21:46-05:00,169.0,15.0
2012-07-19T14:26:46-05:00,162.0,13.0
2012-07-19T14:31:46-05:00,168.0,14.0
2012-07-19T14:36:46-05:00,139.0,13.0
2012-07-19T14:41:46-05:00,114.0,11.0
2012-07-19T14:46:46-05:00,66.0,8.0
2012-07-19T14:51:46-05:00,56.0,5.0
2012-07-19T14:56:46-05:00,33.0,4.0
2012-07-19T15:01:46-05:00,34.0,3.0
2012-07-19T15:06:46-05:00,28.0,3.0
2012-07-19T15:11:46-05:00,6.0,1.0
2012-07-19T15:16:46-05:00,0.0,0.0
2012-07-19T15:21:46-05:00,0.0,0.0
2012-07-19T15:26:46-05:00,0.0,0.0
2012-07-19T15:31:46-05:00,0.0,0.0
2012-07-19T15:36:46-05:00,0.0,0.0
2012-07-19T15:41:46-05:00,46.0,0.0
2012-07-19T15:46:46-05:00,38.0,4.0
2012-07-19T15:51:46-05:00,22.0,3.0
2012-07-19T15:56:46-05:00,28.0,2.0
2012-07-19T16:01:46-05:00,39.0,3.0
2012-07-19T16:06:46-05:00,28.0,3.0
2012-07-19T16:11:46-05:00,11.0,1.0
2012-07-19T16:16:46-05:00,0.0,0.0
2012-07-19T16:21:46-05:00,0.0,0.0
2012-07-19T16:26:46-05:00,0.0,0.0
2012-07-19T16:31:46-05:00,0.0,0.0
2012-07-19T16:36:46-05:00,0.0,0.0
2012-07-19T16:41:46-05:00,0.0,0.0
2012-07-19T16:46:46-05:00,0.0,0.0
2012-07-19T16:51:46-05:00,0.0,0.0
2012-07-19T16:56:46-05:00,0.0,0.0
2012-07-19T17:01:46-05:00,0.0,0.0
2012-07-19T17:06:46-05:00,0.0,0.0
2012-07-19T17:11:46-05:00,0.0,0.0
2012-07-19T17:16:46-05:00,0.0,0.0
2012-07-19T17:21:46-05:00,0.0,0.0
2012-07-19T17:26:46-05:00,0.0,0.0
2012-07-19T17:31:46-05:00,0.0,0.0
2012-07-19T17:36:46-05:00,0.0,0.0
2012-07-19T17:41:46-05:00,0.0,0.0
2012-07-19T17:46:46-05:00,0.0,0.0
2012-07-19T17:51:46-05:00,0.0,0.0
2012-07-19T17:56:46-05:00,0.0,0.0
2012-07-19T18:01:46-05:00,0.0,0.0
2012-07-19T18:06:46-05:00,0.0,0.0
2012-07-19T18:11:46-05:00,0.0,0.0
2012-07-19T18:16:46-05:00,0.0,0.0
2012-07-19T18:21:46-05:00,0.0,0.0
2012-07-19T18:26:46-05:00,0.0,0.0
2012-07-19T18:31:46-05:00,0.0,0.0
2012-07-19T18:36:46-05:00,0.0,0.0
2012-07-19T18:41:46-05:00,0.0,0.0
2012-07-19T18:46:46-05:00,0.0,0.0
2012-07-19T18:51:46-05:00,0.0,0.0
2012-07-19T18:56:46-05:00,0.0,0.0
2012-07-19T19:01:46-05:00,0.0,0.0
2012-07-19T19:06:46-05:00,0.0,0.0
2012-07-19T19:11:46-05:00,0.0,0.0
2012-07-19T19:16:46-05:00,0.0,0.0
2012-07-19T19:21:46-05:00,0.0,0.0
2012-07-19T19:26:46-05:00,0.0,0.0
2012-07-19T19:31:46-05:00,0.0,0.0
2012-07-19T19:36:46-05:00,0.0,0.0
2012-07-19T19:41:46-05:00,0.0,0.0
2012-07-19T19:46:46-05:00,0.0,0.0
2012-07-19T19:51:46-05:00,0.0,0.0
2012-07-19T19:56:46-05:00,0.0,0.0
2012-07-19T20:01:46-05:00,0.0,0.0
2012-07-19T20:06:46-05:00,0.0,0.0
2012-07-19T20:11:46-05:00,0.0,0.0
2012-07-19T20:16:46-05:00,0.0,0.0
2012-07-19T20:21:36-05:00,0.0,0.0
2012-07-19T20:26:36-05:00,0.0,0.0
2012-07-19T20:31:36-05:00,0.0,0.0
2012-07-19T20:36:36-05:00,0.0,0.0
2012-07-19T20:41:36-05:00,0.0,0.0
2012-07-19T20:46:36-05:00,0.0,0.0
2012-07-19T20:51:36-05:00,0.0,0.0
2012-07-19T20:56:36-05:00,0.0,0.0
2012-07-19T21:01:36-05:00,0.0,0.0
2012-07-19T21:06:36-05:00,0.0,0.0
2012-07-19T21:11:36-05:00,0.0,0.0
2012-07-19T21:16:36-05:00,0.0,0.0
2012-07-19T21:21:36-05:00,0.0,0.0
2012-07-19T21:26:36-05:00,0.0,0.0
2012-07-19T21:31:36-05:00,0.0,0.0
2012-07-19T21:36:36-05:00,0.0,0.0
2012-07-19T21:41:36-05:00,0.0,0.0
2012-07-19T21:46:36-05:00,0.0,0.0
2012-07-19T21:51:36-05:00,0.0,0.0
2012-07-19T21:56:36-05:00,0.0,0.0
2012-07-19T22:01:36-05:00,0.0,0.0
2012-07-19T22:06:36-05:00,0.0,0.0
2012-07-19T22:11:36-05:00,0.0,0.0
2012-07-19T22:16:36-05:00,0.0,0.0
2012-07-19T22:21:36-05:00,0.0,0.0
2012-07-19T22:26:36-05:00,0.0,0.0
2012-07-19T22:31:36-05:00,0.0,0.0
2012-07-19T22:36:36-05:00,0.0,0.0
2012-07-19T22:41:36-05:00,0.0,0.0
2012-07-19T22:46:36-05:00,0.0,0.0
2012-07-19T22:51:36-05:00,0.0,0.0
2012-07-19T22:56:36-05:00,0.0,0.0
2012-07-19T23:01:36-05:00,0.0,0.0
2012-07-19T23:06:36-05:00,0.0,0.0
2012-07-19T23:11:36-05:00,0.0,0.0
2012-07-19T23:16:36-05:00,0.0,0.0
2012-07-19T23:21:36-05:00,0.0,0.0
2012-07-19T23:26:36-05:00,0.0,0.0
2012-07-19T23:31:36-05:00,0.0,0.0
2012-07-19T23:36:36-05:00,0.0,0.0
2012-07-19T23:41:36-05:00,0.0,0.0
2012-07-19T23:46:36-05:00,0.0,0.0
2012-07-19T23:51:36-05:00,0.0,0.0
2012-07-19T23:56:36-05:00,0.0,0.0
2012-07-02T00:03:48-05:00,0.0,0.0
2012-07-02T00:08:48-05:00,0.0,0.0
2012-07-02T00:13:48-05:00,0.0,0.0
2012-07-02T00:18:48-05:00,0.0,0.0
2012-07-02T00:23:48-05:00,0.0,0.0
2012-07-02T00:28:48-05:00,0.0,0.0
2012-07-02T00:33:48-05:00,0.0,0.0
2012-07-02T00:38:48-05:00,0.0,0.0
2012-07-02T00:43:48-05:00,0.0,0.0
2012-07-02T00:48:48-05:00,0.0,0.0
2012-07-02T00:53:48-05:00,0.0,0.0
2012-07-02T00:58:48-05:00,0.0,0.0
2012-07-02T01:03:48-05:00,0.0,0.0
2012-07-02T01:08:48-05:00,0.0,0.0
2012-07-02T01:13:48-05:00,0.0,0.0
2012-07-02T01:18:48-05:00,0.0,0.0
2012-07-02T01:23:48-05:00,0.0,0.0
2012-07-02T01:28:48-05:00,0.0,0.0
2012-07-02T01:33:48-05:00,0.0,0.0
2012-07-02T01:38:48-05:00,0.0,0.0
2012-07-02T01:43:48-05:00,0.0,0.0
2012-07-02T01:48:48-05:00,0.0,0.0
2012-07-02T01:53:48-05:00,0.0,0.0
2012-07-02T01:58:48-05:00,0.0,0.0
2012-07-02T02:03:48-05:00,0.0,0.0
2012-07-02T02:08:48-05:00,0.0,0.0
2012-07-02T02:13:48-05:00,0.0,0.0
2012-07-02T02:18:48-05:00,0.0,0.0
2012-07-02T02:23:48-05:00,0.0,0.0
2012-07-02T02:28:48-05:00,0.0,0.0
2012-07-02T02:33:48-05:00,0.0,0.0
2012-07-02T02:38:48-05:00,0.0,0.0
2012-07-02T02:43:48-05:00,0.0,0.0
2012-07-02T02:48:48-05:00,0.0,0.0
2012-07-02T02:53:48-05:00,0.0,0.0
2012-07-02T02:58:48-05:00,0.0,0.0
2012-07-02T03:03:48-05:00,0.0,0.0
2012-07-02T03:08:48-05:00,0.0,0.0
2012-07-02T03:13:48-05:00,0.0,0.0
2012-07-02T03:18:48-05:00,0.0,0.0
2012-07-02T03:23:48-05:00,0.0,0.0
2012-07-02T03:28:48-05:00,0.0,0.0
2012-07-02T03:33:48-05:00,0.0,0.0
2012-07-02T03:38:48-05:00,0.0,0.0
2012-07-02T03:43:48-05:00,0.0,0.0
2012-07-02T03:48:48-05:00,0.0,0.0
2012-07-02T03:53:48-05:00,0.0,0.0
2012-07-02T03:58:48-05:00,0.0,0.0
2012-07-02T04:03:48-05:00,0.0,0.0
2012-07-02T04:08:48-05:00,0.0,0.0
2012-07-02T04:13:48-05:00,0.0,0.0
2012-07-02T04:18:48-05:00,0.0,0.0
2012-07-02T04:23:48-05:00,0.0,0.0
2012-07-02T04:28:48-05:00,0.0,0.0
2012-07-02T04:30:05-05:00,0.0,0.0
2012-07-02T04:30:50-05:00,0.0,0.0
2012-07-02T04:35:50-05:00,0.0,0.0
2012-07-02T04:40:50-05:00,0.0,0.0
2012-07-02T04:45:50-05:00,0.0,0.0
2012-07-02T04:50:50-05:00,0.0,0.0
2012-07-02T04:55:50-05:00,0.0,0.0
2012-07-02T05:00:50-05:00,0.0,0.0
2012-07-02T05:05:50-05:00,0.0,0.0
2012-07-02T05:10:50-05:00,0.0,0.0
2012-07-02T05:15:50-05:00,0.0,0.0
2012-07-02T05:20:50-05:00,0.0,0.0
2012-07-02T05:25:50-05:00,0.0,0.0
2012-07-02T05:30:50-05:00,33.0,0.0
2012-07-02T05:35:50-05:00,45.0,3.0
2012-07-02T05:40:50-05:00,67.0,5.0
2012-07-02T05:45:50-05:00,100.0,7.0
2012-07-02T05:50:50-05:00,146.0,10.0
2012-07-02T05:55:50-05:00,185.0,13.0
2012-07-02T06:00:50-05:00,212.0,16.0
2012-07-02T06:05:50-05:00,163.0,14.0
2012-07-02T06:10:50-05:00,267.0,16.0
2012-07-02T06:15:50-05:00,222.0,19.0
2012-07-02T06:20:50-05:00,273.0,20.0
2012-07-02T06:25:50-05:00,217.0,19.0
2012-07-02T06:30:50-05:00,273.0,21.0
2012-07-02T06:35:50-05:00,334.0,26.0
2012-07-02T06:40:50-05:00,356.0,30.0
2012-07-02T06:45:50-05:00,250.0,26.0
2012-07-02T06:50:50-05:00,295.0,24.0
2012-07-02T06:55:50-05:00,239.0,21.0
2012-07-02T07:00:50-05:00,234.0,20.0
2012-07-02T07:05:50-05:00,292.0,21.0
2012-07-02T07:10:50-05:00,424.0,30.0
2012-07-02T07:15:50-05:00,662.0,48.0
2012-07-02T07:20:50-05:00,566.0,51.0
2012-07-02T07:25:50-05:00,467.0,40.0
2012-07-02T07:30:50-05:00,847.0,56.0
2012-07-02T07:35:50-05:00,835.0,73.0
2012-07-02T07:40:50-05:00,956.0,79.0
2012-07-02T07:45:50-05:00,900.0,74.0
2012-07-02T07:50:50-05:00,1094.0,84.0
2012-07-02T07:55:50-05:00,685.0,90.0
2012-07-02T08:00:50-05:00,1191.0,78.0
2012-07-02T08:05:50-05:00,662.0,73.0
2012-07-02T08:10:50-05:00,1164.0,59.0
2012-07-02T08:15:50-05:00,758.0,67.0
2012-07-02T08:20:50-05:00,1218.0,88.0
2012-07-02T08:25:50-05:00,1216.0,96.0
2012-07-02T08:30:50-05:00,785.0,92.0
2012-07-02T08:35:50-05:00,1297.0,89.0
2012-07-02T08:40:50-05:00,1414.0,109.0
2012-07-02T08:45:50-05:00,1505.0,123.0
2012-07-02T08:50:50-05:00,1589.0,130.0
2012-07-02T08:55:50-05:00,1528.0,132.0
2012-07-02T09:00:50-05:00,794.0,91.0
2012-07-02T09:05:50-05:00,1587.0,100.0
2012-07-02T09:10:50-05:00,1503.0,132.0
2012-07-02T09:15:50-05:00,1425.0,120.0
2012-07-02T09:20:50-05:00,1380.0,116.0
2012-07-02T09:25:50-05:00,1202.0,103.0
2012-07-02T09:30:50-05:00,1164.0,99.0
2012-07-02T09:35:50-05:00,1392.0,109.0
2012-07-02T09:40:50-05:00,1224.0,106.0
2012-07-02T09:45:50-05:00,1333.0,107.0
2012-07-02T09:50:50-05:00,1454.0,118.0
2012-07-02T09:55:50-05:00,1563.0,122.0
2012-07-02T10:00:50-05:00,1156.0,108.0
2012-07-02T10:05:50-05:00,1963.0,98.0
2012-07-02T10:10:50-05:00,1969.0,166.0
2012-07-02T10:15:50-05:00,1985.0,139.0
2012-07-02T10:20:50-05:00,1953.0,165.0
2012-07-02T10:25:50-05:00,1405.0,146.0
2012-07-02T10:30:50-05:00,862.0,99.0
2012-07-02T10:35:50-05:00,937.0,79.0
2012-07-02T10:40:50-05:00,1008.0,86.0
2012-07-02T10:45:50-05:00,1431.0,108.0
2012-07-02T10:50:50-05:00,657.0,90.0
2012-07-02T10:55:50-05:00,662.0,53.0
2012-07-02T11:00:50-05:00,987.0,64.0
2012-07-02T11:05:50-05:00,2020.0,154.0
2012-07-02T11:10:50-05:00,2128.0,184.0
2012-07-02T11:15:50-05:00,1983.0,176.0
2012-07-02T11:20:50-05:00,1867.0,157.0
2012-07-02T11:25:50-05:00,1776.0,147.0
2012-07-02T11:30:50-05:00,1947.0,159.0
2012-07-02T11:35:50-05:00,1998.0,163.0
2012-07-02T11:40:50-05:00,2015.0,162.0
2012-07-02T11:45:50-05:00,2054.0,170.0
2012-07-02T11:50:50-05:00,2071.0,169.0
2012-07-02T11:55:50-05:00,1574.0,155.0
2012-07-02T12:00:50-05:00,1892.0,158.0
2012-07-02T12:05:50-05:00,1842.0,159.0
2012-07-02T12:10:50-05:00,1857.0,153.0
2012-07-02T12:15:50-05:00,1948.0,155.0
2012-07-02T12:20:50-05:00,1933.0,163.0
2012-07-02T12:25:50-05:00,1282.0,116.0
2012-07-02T12:30:50-05:00,1729.0,118.0
2012-07-02T12:35:50-05:00,1102.0,147.0
2012-07-02T12:40:50-05:00,874.0,79.0
2012-07-02T12:45:50-05:00,852.0,71.0
2012-07-02T12:50:50-05:00,1892.0,118.0
2012-07-02T12:55:50-05:00,1807.0,153.0
2012-07-02T13:00:50-05:00,1720.0,143.0
2012-07-02T13:05:50-05:00,1714.0,147.0
2012-07-02T13:10:50-05:00,1805.0,150.0
2012-07-02T13:15:50-05:00,1783.0,149.0
2012-07-02T13:20:50-05:00,1737.0,148.0
2012-07-02T13:25:50-05:00,1731.0,143.0
2012-07-02T13:30:50-05:00,1714.0,146.0
2012-07-02T13:35:50-05:00,1709.0,143.0
2012-07-02T13:40:50-05:00,1690.0,141.0
2012-07-02T13:45:50-05:00,1687.0,140.0
2012-07-02T13:50:50-05:00,1692.0,139.0
2012-07-02T13:55:50-05:00,570.0,76.0
2012-07-02T14:00:50-05:00,1715.0,113.0
2012-07-02T14:05:50-05:00,1659.0,139.0
2012-07-02T14:10:50-05:00,1581.0,134.0
2012-07-02T14:15:50-05:00,1503.0,130.0
2012-07-02T14:20:50-05:00,1526.0,125.0
2012-07-02T14:25:50-05:00,1419.0,118.0
2012-07-02T14:30:50-05:00,1480.0,123.0
2012-07-02T14:35:50-05:00,1406.0,119.0
2012-07-02T14:40:50-05:00,1353.0,116.0
2012-07-02T14:45:50-05:00,1269.0,107.0
2012-07-02T14:50:50-05:00,1138.0,102.0
2012-07-02T14:55:50-05:00,1223.0,95.0
2012-07-02T15:00:50-05:00,1128.0,100.0
2012-07-02T15:05:50-05:00,1035.0,91.0
2012-07-02T15:10:50-05:00,1085.0,87.0
2012-07-02T15:15:50-05:00,941.0,83.0
2012-07-02T15:20:50-05:00,897.0,77.0
2012-07-02T15:25:50-05:00,879.0,74.0
2012-07-02T15:30:50-05:00,880.0,73.0
2012-07-02T15:35:50-05:00,838.0,74.0
2012-07-02T15:40:50-05:00,771.0,68.0
2012-07-02T15:45:50-05:00,678.0,59.0
2012-07-02T15:50:50-05:00,647.0,57.0
2012-07-02T15:55:50-05:00,683.0,56.0
2012-07-02T16:00:50-05:00,665.0,58.0
2012-07-02T16:05:50-05:00,656.0,56.0
2012-07-02T16:10:50-05:00,644.0,55.0
2012-07-02T16:15:50-05:00,584.0,51.0
2012-07-02T16:20:50-05:00,486.0,45.0
2012-07-02T16:25:50-05:00,451.0,42.0
2012-07-02T16:30:50-05:00,495.0,39.0
2012-07-02T16:35:50-05:00,367.0,36.0
2012-07-02T16:40:50-05:00,473.0,36.0
2012-07-02T16:45:50-05:00,567.0,42.0
2012-07-02T16:50:50-05:00,590.0,47.0
2012-07-02T16:55:50-05:00,672.0,53.0
2012-07-02T17:00:50-05:00,628.0,54.0
2012-07-02T17:05:50-05:00,588.0,50.0
2012-07-02T17:10:50-05:00,584.0,49.0
2012-07-02T17:15:50-05:00,528.0,46.0
2012-07-02T17:20:50-05:00,490.0,42.0
2012-07-02T17:25:50-05:00,447.0,38.0
2012-07-02T17:30:50-05:00,406.0,35.0
2012-07-02T17:35:50-05:00,378.0,34.0
2012-07-02T17:40:50-05:00,306.0,29.0
2012-07-02T17:45:50-05:00,245.0,22.0
2012-07-02T17:50:50-05:00,223.0,19.0
2012-07-02T17:55:50-05:00,204.0,18.0
2012-07-02T18:00:50-05:00,189.0,16.0
2012-07-02T18:05:50-05:00,168.0,15.0
2012-07-02T18:10:50-05:00,145.0,13.0
2012-07-02T18:15:50-05:00,122.0,11.0
2012-07-02T18:20:50-05:00,105.0,9.0
2012-07-02T18:25:50-05:00,78.0,8.0
2012-07-02T18:30:50-05:00,56.0,5.0
2012-07-02T18:35:50-05:00,39.0,4.0
2012-07-02T18:40:50-05:00,22.0,2.0
2012-07-02T18:45:50-05:00,6.0,1.0
2012-07-02T18:50:50-05:00,0.0,0.0
2012-07-02T18:55:50-05:00,0.0,0.0
2012-07-02T19:00:50-05:00,0.0,0.0
2012-07-02T19:05:50-05:00,0.0,0.0
2012-07-02T19:10:50-05:00,0.0,0.0
2012-07-02T19:15:50-05:00,0.0,0.0
2012-07-02T19:20:50-05:00,0.0,0.0
2012-07-02T19:25:50-05:00,0.0,0.0
2012-07-02T19:30:50-05:00,0.0,0.0
2012-07-02T19:35:50-05:00,0.0,0.0
2012-07-02T19:40:50-05:00,0.0,0.0
2012-07-02T19:45:50-05:00,0.0,0.0
2012-07-02T19:50:50-05:00,0.0,0.0
2012-07-02T19:55:50-05:00,0.0,0.0
2012-07-02T20:00:50-05:00,0.0,0.0
2012-07-02T20:05:50-05:00,0.0,0.0
2012-07-02T20:10:50-05:00,0.0,0.0
2012-07-02T20:15:50-05:00,0.0,0.0
2012-07-02T20:20:50-05:00,0.0,0.0
2012-07-02T20:25:50-05:00,0.0,0.0
2012-07-02T20:30:50-05:00,0.0,0.0
2012-07-02T20:35:50-05:00,0.0,0.0
2012-07-02T20:40:50-05:00,0.0,0.0
2012-07-02T20:45:50-05:00,0.0,0.0
2012-07-02T20:50:50-05:00,0.0,0.0
2012-07-02T20:55:50-05:00,0.0,0.0
2012-07-02T21:00:50-05:00,0.0,0.0
2012-07-02T21:05:50-05:00,0.0,0.0
2012-07-02T21:10:50-05:00,0.0,0.0
2012-07-02T21:15:50-05:00,0.0,0.0
2012-07-02T21:20:50-05:00,0.0,0.0
2012-07-02T21:25:50-05:00,0.0,0.0
2012-07-02T21:30:50-05:00,0.0,0.0
2012-07-02T21:35:50-05:00,0.0,0.0
2012-07-02T21:40:50-05:00,0.0,0.0
2012-07-02T21:45:50-05:00,0.0,0.0
2012-07-02T21:50:50-05:00,0.0,0.0
2012-07-02T21:55:50-05:00,0.0,0.0
2012-07-02T22:00:50-05:00,0.0,0.0
2012-07-02T22:05:50-05:00,0.0,0.0
2012-07-02T22:10:50-05:00,0.0,0.0
2012-07-02T22:15:50-05:00,0.0,0.0
2012-07-02T22:20:50-05:00,0.0,0.0
2012-07-02T22:25:50-05:00,0.0,0.0
2012-07-02T22:30:50-05:00,0.0,0.0
2012-07-02T22:35:50-05:00,0.0,0.0
2012-07-02T22:40:50-05:00,0.0,0.0
2012-07-02T22:45:50-05:00,0.0,0.0
2012-07-02T22:50:50-05:00,0.0,0.0
2012-07-02T22:55:50-05:00,0.0,0.0
2012-07-02T23:00:50-05:00,0.0,0.0
2012-07-02T23:05:50-05:00,0.0,0.0
2012-07-02T23:10:50-05:00,0.0,0.0
2012-07-02T23:15:50-05:00,0.0,0.0
2012-07-02T23:20:50-05:00,0.0,0.0
2012-07-02T23:25:50-05:00,0.0,0.0
2012-07-02T23:30:50-05:00,0.0,0.0
2012-07-02T23:35:50-05:00,0.0,0.0
2012-07-02T23:40:50-05:00,0.0,0.0
2012-07-02T23:45:50-05:00,0.0,0.0
2012-07-02T23:50:50-05:00,0.0,0.0
2012-07-02T23:55:50-05:00,0.0,0.0
2012-07-20T00:01:36-05:00,0.0,0.0
2012-07-20T00:06:36-05:00,0.0,0.0
2012-07-20T00:11:36-05:00,0.0,0.0
2012-07-20T00:16:36-05:00,0.0,0.0
2012-07-20T00:21:36-05:00,0.0,0.0
2012-07-20T00:26:36-05:00,0.0,0.0
2012-07-20T00:31:36-05:00,0.0,0.0
2012-07-20T00:36:36-05:00,0.0,0.0
2012-07-20T00:41:36-05:00,0.0,0.0
2012-07-20T00:46:36-05:00,0.0,0.0
2012-07-20T00:51:36-05:00,0.0,0.0
2012-07-20T00:56:36-05:00,0.0,0.0
2012-07-20T01:01:36-05:00,0.0,0.0
2012-07-20T01:06:36-05:00,0.0,0.0
2012-07-20T01:11:36-05:00,0.0,0.0
2012-07-20T01:16:36-05:00,0.0,0.0
2012-07-20T01:21:36-05:00,0.0,0.0
2012-07-20T01:26:36-05:00,0.0,0.0
2012-07-20T01:31:36-05:00,0.0,0.0
2012-07-20T01:36:36-05:00,0.0,0.0
2012-07-20T01:41:36-05:00,0.0,0.0
2012-07-20T01:46:36-05:00,0.0,0.0
2012-07-20T01:51:36-05:00,0.0,0.0
2012-07-20T01:56:36-05:00,0.0,0.0
2012-07-20T02:01:36-05:00,0.0,0.0
2012-07-20T02:06:36-05:00,0.0,0.0
2012-07-20T02:11:36-05:00,0.0,0.0
2012-07-20T02:16:36-05:00,0.0,0.0
2012-07-20T02:21:36-05:00,0.0,0.0
2012-07-20T02:26:36-05:00,0.0,0.0
2012-07-20T02:31:36-05:00,0.0,0.0
2012-07-20T02:36:36-05:00,0.0,0.0
2012-07-20T02:41:36-05:00,0.0,0.0
2012-07-20T02:46:36-05:00,0.0,0.0
2012-07-20T02:51:36-05:00,0.0,0.0
2012-07-20T02:56:36-05:00,0.0,0.0
2012-07-20T03:01:36-05:00,0.0,0.0
2012-07-20T03:06:36-05:00,0.0,0.0
2012-07-20T03:11:36-05:00,0.0,0.0
2012-07-20T03:16:36-05:00,0.0,0.0
2012-07-20T03:21:36-05:00,0.0,0.0
2012-07-20T03:26:36-05:00,0.0,0.0
2012-07-20T03:31:36-05:00,0.0,0.0
2012-07-20T03:36:36-05:00,0.0,0.0
2012-07-20T03:41:36-05:00,0.0,0.0
2012-07-20T03:46:36-05:00,0.0,0.0
2012-07-20T03:51:36-05:00,0.0,0.0
2012-07-20T03:55:00-05:00,0.0,0.0
2012-07-20T03:56:36-05:00,0.0,0.0
2012-07-20T04:00:00-05:00,0.0,0.0
2012-07-20T04:01:36-05:00,0.0,0.0
2012-07-20T04:05:00-05:00,0.0,0.0
2012-07-20T04:06:36-05:00,0.0,0.0
2012-07-20T04:10:00-05:00,0.0,0.0
2012-07-20T04:11:36-05:00,0.0,0.0
2012-07-20T04:15:00-05:00,0.0,0.0
2012-07-20T04:16:36-05:00,0.0,0.0
2012-07-20T04:20:00-05:00,0.0,0.0
2012-07-20T04:21:36-05:00,0.0,0.0
2012-07-20T04:25:00-05:00,0.0,0.0
2012-07-20T04:26:36-05:00,0.0,0.0
2012-07-20T04:30:00-05:00,0.0,0.0
2012-07-20T04:31:36-05:00,0.0,0.0
2012-07-20T04:35:00-05:00,0.0,0.0
2012-07-20T04:36:36-05:00,0.0,0.0
2012-07-20T04:40:00-05:00,0.0,0.0
2012-07-20T04:41:36-05:00,0.0,0.0
2012-07-20T04:45:00-05:00,0.0,0.0
2012-07-20T04:46:36-05:00,0.0,0.0
2012-07-20T04:50:00-05:00,0.0,0.0
2012-07-20T04:51:36-05:00,0.0,0.0
2012-07-20T04:55:00-05:00,0.0,0.0
2012-07-20T04:56:36-05:00,0.0,0.0
2012-07-20T05:00:00-05:00,0.0,0.0
2012-07-20T05:01:36-05:00,0.0,0.0
2012-07-20T05:05:00-05:00,0.0,0.0
2012-07-20T05:06:36-05:00,0.0,0.0
2012-07-20T05:10:00-05:00,0.0,0.0
2012-07-20T05:11:36-05:00,0.0,0.0
2012-07-20T05:15:00-05:00,0.0,0.0
2012-07-20T05:16:36-05:00,0.0,0.0
2012-07-20T05:20:00-05:00,0.0,0.0
2012-07-20T05:21:36-05:00,0.0,0.0
2012-07-20T05:25:00-05:00,0.0,0.0
2012-07-20T05:26:36-05:00,0.0,0.0
2012-07-20T05:30:00-05:00,0.0,0.0
2012-07-20T05:31:36-05:00,0.0,0.0
2012-07-20T05:35:00-05:00,0.0,0.0
2012-07-20T05:36:36-05:00,0.0,0.0
2012-07-20T05:40:00-05:00,0.0,0.0
2012-07-20T05:41:36-05:00,0.0,0.0
2012-07-20T05:45:00-05:00,-11.0,0.0
2012-07-20T05:46:36-05:00,-11.0,0.0
2012-07-20T05:50:00-05:00,0.0,0.0
2012-07-20T05:51:36-05:00,0.0,0.0
2012-07-20T05:55:00-05:00,0.0,0.0
2012-07-20T05:56:36-05:00,0.0,0.0
2012-07-20T06:00:00-05:00,28.0,2.0
2012-07-20T06:01:36-05:00,28.0,2.0
2012-07-20T06:05:00-05:00,23.0,2.0
2012-07-20T06:06:36-05:00,23.0,2.0
2012-07-20T06:10:00-05:00,28.0,2.0
2012-07-20T06:11:36-05:00,28.0,2.0
2012-07-20T06:15:00-05:00,22.0,2.0
2012-07-20T06:16:36-05:00,22.0,2.0
2012-07-20T06:20:00-05:00,51.0,3.0
2012-07-20T06:21:36-05:00,51.0,3.0
2012-07-20T06:25:00-05:00,83.0,6.0
2012-07-20T06:26:36-05:00,83.0,6.0
2012-07-20T06:30:00-05:00,106.0,8.0
2012-07-20T06:31:36-05:00,106.0,8.0
2012-07-20T06:35:00-05:00,139.0,10.0
2012-07-20T06:36:36-05:00,139.0,10.0
2012-07-20T06:40:00-05:00,189.0,13.0
2012-07-20T06:41:36-05:00,189.0,13.0
2012-07-20T06:45:00-05:00,206.0,17.0
2012-07-20T06:46:36-05:00,206.0,17.0
2012-07-20T06:50:00-05:00,251.0,19.0
2012-07-20T06:51:36-05:00,251.0,19.0
2012-07-20T06:55:00-05:00,278.0,22.0
2012-07-20T06:56:36-05:00,278.0,22.0
2012-07-20T07:00:00-05:00,301.0,24.0
2012-07-20T07:01:36-05:00,301.0,24.0
2012-07-20T07:05:00-05:00,284.0,24.0
2012-07-20T07:06:36-05:00,284.0,24.0
2012-07-20T07:10:00-05:00,250.0,22.0
2012-07-20T07:11:36-05:00,250.0,22.0
2012-07-20T07:15:00-05:00,200.0,19.0
2012-07-20T07:16:36-05:00,200.0,19.0
2012-07-20T07:20:00-05:00,250.0,17.0
2012-07-20T07:21:36-05:00,250.0,17.0
2012-07-20T07:25:00-05:00,289.0,23.0
2012-07-20T07:26:36-05:00,289.0,23.0
2012-07-20T07:30:00-05:00,246.0,22.0
2012-07-20T07:31:36-05:00,246.0,22.0
2012-07-20T07:35:00-05:00,267.0,21.0
2012-07-20T07:36:36-05:00,267.0,21.0
2012-07-20T07:40:00-05:00,370.0,27.0
2012-07-20T07:41:36-05:00,370.0,27.0
2012-07-20T07:45:00-05:00,370.0,31.0
2012-07-20T07:46:36-05:00,370.0,31.0
2012-07-20T07:50:00-05:00,288.0,28.0
2012-07-20T07:51:36-05:00,288.0,28.0
2012-07-20T07:55:00-05:00,342.0,25.0
2012-07-20T07:56:36-05:00,342.0,25.0
2012-07-20T08:00:00-05:00,370.0,31.0
2012-07-20T08:01:36-05:00,370.0,31.0
2012-07-20T08:05:00-05:00,510.0,34.0
2012-07-20T08:06:36-05:00,510.0,34.0
2012-07-20T08:10:00-05:00,695.0,50.0
2012-07-20T08:11:36-05:00,695.0,50.0
2012-07-20T08:15:00-05:00,868.0,64.0
2012-07-20T08:16:36-05:00,868.0,64.0
2012-07-20T08:20:00-05:00,964.0,76.0
2012-07-20T08:21:36-05:00,964.0,76.0
2012-07-20T08:25:00-05:00,963.0,86.0
2012-07-20T08:26:36-05:00,963.0,86.0
2012-07-20T08:30:00-05:00,841.0,77.0
2012-07-20T08:31:36-05:00,841.0,77.0
2012-07-20T08:35:00-05:00,1130.0,81.0
2012-07-20T08:36:36-05:00,1130.0,81.0
2012-07-20T08:40:00-05:00,1221.0,107.0
2012-07-20T08:41:36-05:00,1221.0,107.0
2012-07-20T08:45:00-05:00,913.0,79.0
2012-07-20T08:46:36-05:00,913.0,79.0
2012-07-20T08:50:00-05:00,1196.0,98.0
2012-07-20T08:51:36-05:00,1196.0,98.0
2012-07-20T08:55:00-05:00,601.0,64.0
2012-07-20T08:56:36-05:00,601.0,64.0
2012-07-20T09:00:00-05:00,887.0,78.0
2012-07-20T09:01:36-05:00,887.0,78.0
2012-07-20T09:05:00-05:00,161.0,36.0
2012-07-20T09:06:36-05:00,161.0,36.0
2012-07-20T09:10:00-05:00,5.0,5.0
2012-07-20T09:11:36-05:00,5.0,5.0
2012-07-20T09:15:00-05:00,0.0,0.0
2012-07-20T09:16:36-05:00,0.0,0.0
2012-07-20T09:20:00-05:00,0.0,0.0
2012-07-20T09:21:36-05:00,0.0,0.0
2012-07-20T09:25:00-05:00,0.0,0.0
2012-07-20T09:26:36-05:00,0.0,0.0
2012-07-20T09:30:00-05:00,0.0,0.0
2012-07-20T09:31:36-05:00,0.0,0.0
2012-07-20T09:35:00-05:00,0.0,0.0
2012-07-20T09:36:36-05:00,0.0,0.0
2012-07-20T09:40:00-05:00,0.0,0.0
2012-07-20T09:41:36-05:00,0.0,0.0
2012-07-20T09:45:00-05:00,0.0,0.0
2012-07-20T09:46:36-05:00,0.0,0.0
2012-07-20T09:50:00-05:00,0.0,0.0
2012-07-20T09:51:36-05:00,0.0,0.0
2012-07-03T00:00:50-05:00,0.0,0.0
2012-07-03T00:05:50-05:00,0.0,0.0
2012-07-03T00:10:50-05:00,0.0,0.0
2012-07-03T00:15:50-05:00,0.0,0.0
2012-07-03T00:20:50-05:00,0.0,0.0
2012-07-03T00:25:50-05:00,0.0,0.0
2012-07-03T00:30:50-05:00,0.0,0.0
2012-07-03T00:35:50-05:00,0.0,0.0
2012-07-03T00:40:50-05:00,0.0,0.0
2012-07-03T00:45:50-05:00,0.0,0.0
2012-07-03T00:50:50-05:00,0.0,0.0
2012-07-03T00:55:50-05:00,0.0,0.0
2012-07-03T01:00:50-05:00,0.0,0.0
2012-07-03T01:05:50-05:00,0.0,0.0
2012-07-03T01:10:50-05:00,0.0,0.0
2012-07-03T01:15:50-05:00,0.0,0.0
2012-07-03T01:20:50-05:00,0.0,0.0
2012-07-03T01:25:50-05:00,0.0,0.0
2012-07-03T01:30:50-05:00,0.0,0.0
2012-07-03T01:35:50-05:00,0.0,0.0
2012-07-03T01:40:50-05:00,0.0,0.0
2012-07-03T01:45:50-05:00,0.0,0.0
2012-07-03T01:50:50-05:00,0.0,0.0
2012-07-03T01:55:50-05:00,0.0,0.0
2012-07-03T02:00:50-05:00,0.0,0.0
2012-07-03T02:05:50-05:00,0.0,0.0
2012-07-03T02:10:50-05:00,0.0,0.0
2012-07-03T02:15:50-05:00,0.0,0.0
2012-07-03T02:20:50-05:00,0.0,0.0
2012-07-03T02:25:50-05:00,0.0,0.0
2012-07-03T02:30:50-05:00,0.0,0.0
2012-07-03T02:35:50-05:00,0.0,0.0
2012-07-03T02:40:50-05:00,0.0,0.0
2012-07-03T02:45:50-05:00,0.0,0.0
2012-07-03T02:50:50-05:00,0.0,0.0
2012-07-03T02:55:50-05:00,0.0,0.0
2012-07-03T03:00:50-05:00,0.0,0.0
2012-07-03T03:05:50-05:00,0.0,0.0
2012-07-03T03:10:50-05:00,0.0,0.0
2012-07-03T03:15:50-05:00,0.0,0.0
2012-07-03T03:20:50-05:00,0.0,0.0
2012-07-03T03:25:50-05:00,0.0,0.0
2012-07-03T03:30:50-05:00,0.0,0.0
2012-07-03T03:35:50-05:00,0.0,0.0
2012-07-03T03:40:50-05:00,0.0,0.0
2012-07-03T03:45:50-05:00,0.0,0.0
2012-07-03T03:50:50-05:00,0.0,0.0
2012-07-03T03:55:50-05:00,0.0,0.0
2012-07-03T04:00:50-05:00,0.0,0.0
2012-07-03T04:05:50-05:00,0.0,0.0
2012-07-03T04:10:50-05:00,0.0,0.0
2012-07-03T04:15:50-05:00,0.0,0.0
2012-07-03T04:20:42-05:00,0.0,0.0
2012-07-03T04:25:42-05:00,0.0,0.0
2012-07-03T04:30:42-05:00,0.0,0.0
2012-07-03T04:35:42-05:00,0.0,0.0
2012-07-03T04:40:42-05:00,0.0,0.0
2012-07-03T04:45:42-05:00,0.0,0.0
2012-07-03T04:50:42-05:00,0.0,0.0
2012-07-03T04:55:42-05:00,0.0,0.0
2012-07-03T05:00:42-05:00,0.0,0.0
2012-07-03T05:05:42-05:00,0.0,0.0
2012-07-03T05:10:42-05:00,0.0,0.0
2012-07-03T05:15:42-05:00,0.0,0.0
2012-07-03T05:20:42-05:00,0.0,0.0
2012-07-03T05:25:42-05:00,28.0,0.0
2012-07-03T05:30:42-05:00,43.0,3.0
2012-07-03T05:35:42-05:00,61.0,4.0
2012-07-03T05:40:42-05:00,78.0,6.0
2012-07-03T05:45:42-05:00,95.0,7.0
2012-07-03T05:50:42-05:00,111.0,9.0
2012-07-03T05:55:42-05:00,100.0,10.0
2012-07-03T06:00:42-05:00,118.0,9.0
2012-07-03T06:05:42-05:00,142.0,10.0
2012-07-03T06:10:42-05:00,217.0,15.0
2012-07-03T06:15:42-05:00,245.0,19.0
2012-07-03T06:20:42-05:00,187.0,19.0
2012-07-03T06:25:42-05:00,191.0,15.0
2012-07-03T06:30:42-05:00,273.0,19.0
2012-07-03T06:35:42-05:00,398.0,27.0
2012-07-03T06:40:42-05:00,438.0,36.0
2012-07-03T06:45:42-05:00,512.0,38.0
2012-07-03T06:50:42-05:00,573.0,45.0
2012-07-03T06:55:42-05:00,662.0,52.0
2012-07-03T07:00:42-05:00,696.0,56.0
2012-07-03T07:05:42-05:00,739.0,60.0
2012-07-03T07:10:42-05:00,803.0,64.0
2012-07-03T07:15:42-05:00,868.0,70.0
2012-07-03T07:20:42-05:00,909.0,74.0
2012-07-03T07:25:42-05:00,975.0,78.0
2012-07-03T07:30:42-05:00,1028.0,84.0
2012-07-03T07:35:42-05:00,994.0,83.0
2012-07-03T07:40:42-05:00,791.0,77.0
2012-07-03T07:45:42-05:00,791.0,65.0
2012-07-03T07:50:42-05:00,875.0,70.0
2012-07-03T07:55:42-05:00,940.0,77.0
2012-07-03T08:00:42-05:00,957.0,80.0
2012-07-03T08:05:42-05:00,918.0,77.0
2012-07-03T08:10:42-05:00,902.0,79.0
2012-07-03T08:15:42-05:00,970.0,80.0
2012-07-03T08:20:42-05:00,997.0,81.0
2012-07-03T08:25:42-05:00,1078.0,87.0
2012-07-03T08:30:42-05:00,991.0,87.0
2012-07-03T08:35:42-05:00,1009.0,85.0
2012-07-03T08:40:42-05:00,973.0,79.0
2012-07-03T08:45:42-05:00,908.0,79.0
2012-07-03T08:50:42-05:00,1024.0,81.0
2012-07-03T08:55:42-05:00,1104.0,89.0
2012-07-03T09:00:42-05:00,1203.0,96.0
2012-07-03T09:05:42-05:00,1213.0,101.0
2012-07-03T09:10:42-05:00,1197.0,100.0
2012-07-03T09:15:42-05:00,1267.0,101.0
2012-07-03T09:20:42-05:00,1364.0,107.0
2012-07-03T09:25:42-05:00,1375.0,113.0
2012-07-03T09:30:42-05:00,1425.0,116.0
2012-07-03T09:35:42-05:00,1375.0,116.0
2012-07-03T09:40:42-05:00,1331.0,115.0
2012-07-03T09:45:42-05:00,1392.0,114.0
2012-07-03T09:50:42-05:00,1553.0,123.0
2012-07-03T09:55:42-05:00,1681.0,135.0
2012-07-03T10:00:42-05:00,1664.0,132.0
2012-07-03T10:05:42-05:00,1644.0,139.0
2012-07-03T10:10:42-05:00,1586.0,127.0
2012-07-03T10:15:42-05:00,1656.0,133.0
2012-07-03T10:20:42-05:00,1783.0,140.0
2012-07-03T10:25:42-05:00,1862.0,151.0
2012-07-03T10:30:42-05:00,1915.0,157.0
2012-07-03T10:35:42-05:00,1926.0,160.0
2012-07-03T10:40:42-05:00,1922.0,161.0
2012-07-03T10:45:42-05:00,1945.0,161.0
2012-07-03T10:50:42-05:00,1961.0,163.0
2012-07-03T10:55:42-05:00,1952.0,163.0
2012-07-03T11:00:42-05:00,1925.0,162.0
2012-07-03T11:05:42-05:00,1970.0,164.0
2012-07-03T11:10:42-05:00,1944.0,163.0
2012-07-03T11:15:42-05:00,1976.0,164.0
2012-07-03T11:20:42-05:00,2000.0,166.0
2012-07-03T11:25:42-05:00,1981.0,166.0
2012-07-03T11:30:42-05:00,1987.0,166.0
2012-07-03T11:35:42-05:00,1987.0,164.0
2012-07-03T11:40:42-05:00,1970.0,165.0
2012-07-03T11:45:42-05:00,1792.0,162.0
2012-07-03T11:50:42-05:00,1930.0,160.0
2012-07-03T11:55:42-05:00,1757.0,158.0
2012-07-03T12:00:42-05:00,1937.0,161.0
2012-07-03T12:05:42-05:00,1915.0,160.0
2012-07-03T12:10:42-05:00,1909.0,159.0
2012-07-03T12:15:42-05:00,1893.0,159.0
2012-07-03T12:20:42-05:00,1879.0,157.0
2012-07-03T12:25:42-05:00,1870.0,156.0
2012-07-03T12:30:42-05:00,1867.0,156.0
2012-07-03T12:35:42-05:00,1861.0,155.0
2012-07-03T12:40:42-05:00,1839.0,154.0
2012-07-03T12:45:42-05:00,1827.0,153.0
2012-07-03T12:50:42-05:00,1820.0,152.0
2012-07-03T12:55:42-05:00,1830.0,152.0
2012-07-03T13:00:42-05:00,1848.0,153.0
2012-07-03T13:05:42-05:00,1815.0,153.0
2012-07-03T13:10:42-05:00,1822.0,152.0
2012-07-03T13:15:42-05:00,1815.0,152.0
2012-07-03T13:20:42-05:00,1776.0,149.0
2012-07-03T13:25:42-05:00,1306.0,101.0
2012-07-03T13:30:42-05:00,647.0,83.0
2012-07-03T13:35:42-05:00,1792.0,86.0
2012-07-03T13:40:42-05:00,811.0,121.0
2012-07-03T13:45:42-05:00,1057.0,75.0
2012-07-03T13:50:42-05:00,590.0,73.0
2012-07-03T13:55:42-05:00,946.0,51.0
2012-07-03T14:00:42-05:00,713.0,59.0
2012-07-03T14:05:42-05:00,770.0,115.0
2012-07-03T14:10:42-05:00,1642.0,85.0
2012-07-03T14:15:42-05:00,1596.0,120.0
2012-07-03T14:20:42-05:00,1245.0,128.0
2012-07-03T14:25:42-05:00,1115.0,89.0
2012-07-03T14:30:42-05:00,651.0,108.0
2012-07-03T14:35:42-05:00,729.0,54.0
2012-07-03T14:40:42-05:00,1431.0,95.0
2012-07-03T14:45:42-05:00,1053.0,111.0
2012-07-03T14:50:42-05:00,1044.0,92.0
2012-07-03T14:55:42-05:00,856.0,79.0
2012-07-03T15:00:42-05:00,917.0,72.0
2012-07-03T15:05:42-05:00,946.0,79.0
2012-07-03T15:10:42-05:00,902.0,78.0
2012-07-03T15:15:42-05:00,852.0,73.0
2012-07-03T15:20:42-05:00,774.0,68.0
2012-07-03T15:25:42-05:00,701.0,61.0
2012-07-03T15:30:42-05:00,657.0,56.0
2012-07-03T15:35:42-05:00,617.0,53.0
2012-07-03T15:40:42-05:00,567.0,48.0
2012-07-03T15:45:42-05:00,555.0,47.0
2012-07-03T15:50:42-05:00,496.0,44.0
2012-07-03T15:55:42-05:00,456.0,39.0
2012-07-03T16:00:42-05:00,408.0,36.0
2012-07-03T16:05:42-05:00,378.0,32.0
2012-07-03T16:10:42-05:00,376.0,31.0
2012-07-03T16:15:42-05:00,385.0,31.0
2012-07-03T16:20:42-05:00,439.0,35.0
2012-07-03T16:25:42-05:00,395.0,35.0
2012-07-03T16:30:42-05:00,314.0,29.0
2012-07-03T16:35:42-05:00,381.0,28.0
2012-07-03T16:40:42-05:00,462.0,36.0
2012-07-03T16:45:42-05:00,440.0,38.0
2012-07-03T16:50:42-05:00,453.0,37.0
2012-07-03T16:55:42-05:00,451.0,37.0
2012-07-03T17:00:42-05:00,395.0,36.0
2012-07-03T17:05:42-05:00,356.0,31.0
2012-07-03T17:10:42-05:00,323.0,29.0
2012-07-03T17:15:42-05:00,300.0,26.0
2012-07-03T17:20:42-05:00,278.0,24.0
2012-07-03T17:25:42-05:00,185.0,20.0
2012-07-03T17:30:42-05:00,89.0,11.0
2012-07-03T17:35:42-05:00,88.0,7.0
2012-07-03T17:40:42-05:00,0.0,4.0
2012-07-03T17:45:42-05:00,83.0,3.0
2012-07-03T17:50:42-05:00,128.0,8.0
2012-07-03T17:55:42-05:00,157.0,12.0
2012-07-03T18:00:42-05:00,140.0,12.0
2012-07-03T18:05:42-05:00,135.0,11.0
2012-07-03T18:10:42-05:00,121.0,11.0
2012-07-03T18:15:42-05:00,89.0,8.0
2012-07-03T18:20:42-05:00,67.0,6.0
2012-07-03T18:25:42-05:00,49.0,5.0
2012-07-03T18:30:42-05:00,38.0,3.0
2012-07-03T18:35:42-05:00,21.0,2.0
2012-07-03T18:40:42-05:00,11.0,2.0
2012-07-03T18:45:42-05:00,6.0,1.0
2012-07-03T18:50:42-05:00,0.0,0.0
2012-07-03T18:55:42-05:00,0.0,0.0
2012-07-03T19:00:42-05:00,0.0,0.0
2012-07-03T19:05:42-05:00,0.0,0.0
2012-07-03T19:10:42-05:00,0.0,0.0
2012-07-03T19:15:42-05:00,0.0,0.0
2012-07-03T19:20:42-05:00,0.0,0.0
2012-07-03T19:25:42-05:00,0.0,0.0
2012-07-03T19:30:42-05:00,0.0,0.0
2012-07-03T19:35:42-05:00,0.0,0.0
2012-07-03T19:40:42-05:00,0.0,0.0
2012-07-03T19:45:42-05:00,0.0,0.0
2012-07-03T19:50:42-05:00,0.0,0.0
2012-07-03T19:55:42-05:00,0.0,0.0
2012-07-03T20:00:42-05:00,0.0,0.0
2012-07-03T20:05:42-05:00,0.0,0.0
2012-07-03T20:10:42-05:00,0.0,0.0
2012-07-03T20:15:42-05:00,0.0,0.0
2012-07-03T20:20:42-05:00,0.0,0.0
2012-07-03T20:25:42-05:00,0.0,0.0
2012-07-03T20:30:42-05:00,0.0,0.0
2012-07-03T20:35:42-05:00,0.0,0.0
2012-07-03T20:40:42-05:00,0.0,0.0
2012-07-03T20:45:42-05:00,0.0,0.0
2012-07-03T20:50:42-05:00,0.0,0.0
2012-07-03T20:55:42-05:00,0.0,0.0
2012-07-03T21:00:42-05:00,0.0,0.0
2012-07-03T21:05:42-05:00,0.0,0.0
2012-07-03T21:10:42-05:00,0.0,0.0
2012-07-03T21:15:42-05:00,0.0,0.0
2012-07-03T21:20:42-05:00,0.0,0.0
2012-07-03T21:25:42-05:00,0.0,0.0
2012-07-03T21:30:42-05:00,0.0,0.0
2012-07-03T21:35:42-05:00,0.0,0.0
2012-07-03T21:40:42-05:00,0.0,0.0
2012-07-03T21:45:42-05:00,0.0,0.0
2012-07-03T21:50:42-05:00,0.0,0.0
2012-07-03T21:55:42-05:00,0.0,0.0
2012-07-03T22:00:42-05:00,0.0,0.0
2012-07-03T22:05:42-05:00,0.0,0.0
2012-07-03T22:10:42-05:00,0.0,0.0
2012-07-03T22:15:42-05:00,0.0,0.0
2012-07-03T22:20:42-05:00,0.0,0.0
2012-07-03T22:25:42-05:00,0.0,0.0
2012-07-03T22:30:42-05:00,0.0,0.0
2012-07-03T22:35:42-05:00,0.0,0.0
2012-07-03T22:40:42-05:00,0.0,0.0
2012-07-03T22:45:42-05:00,0.0,0.0
2012-07-03T22:50:42-05:00,0.0,0.0
2012-07-03T22:55:42-05:00,0.0,0.0
2012-07-03T23:00:42-05:00,0.0,0.0
2012-07-03T23:05:42-05:00,0.0,0.0
2012-07-03T23:10:42-05:00,0.0,0.0
2012-07-03T23:15:42-05:00,0.0,0.0
2012-07-03T23:20:42-05:00,0.0,0.0
2012-07-03T23:25:42-05:00,0.0,0.0
2012-07-03T23:30:42-05:00,0.0,0.0
2012-07-03T23:35:42-05:00,0.0,0.0
2012-07-03T23:40:42-05:00,0.0,0.0
2012-07-03T23:45:42-05:00,0.0,0.0
2012-07-03T23:50:42-05:00,0.0,0.0
2012-07-03T23:55:42-05:00,0.0,0.0
2012-07-04T00:00:42-05:00,0.0,0.0
2012-07-04T00:05:42-05:00,0.0,0.0
2012-07-04T00:10:42-05:00,0.0,0.0
2012-07-04T00:15:42-05:00,0.0,0.0
2012-07-04T00:20:42-05:00,0.0,0.0
2012-07-04T00:25:42-05:00,0.0,0.0
2012-07-04T00:30:42-05:00,0.0,0.0
2012-07-04T00:35:42-05:00,0.0,0.0
2012-07-04T00:40:42-05:00,0.0,0.0
2012-07-04T00:45:42-05:00,0.0,0.0
2012-07-04T00:50:42-05:00,0.0,0.0
2012-07-04T00:55:42-05:00,0.0,0.0
2012-07-04T01:00:42-05:00,0.0,0.0
2012-07-04T01:05:42-05:00,0.0,0.0
2012-07-04T01:10:42-05:00,0.0,0.0
2012-07-04T01:15:42-05:00,0.0,0.0
2012-07-04T01:20:42-05:00,0.0,0.0
2012-07-04T01:25:42-05:00,0.0,0.0
2012-07-04T01:30:42-05:00,0.0,0.0
2012-07-04T01:35:42-05:00,0.0,0.0
2012-07-04T01:40:42-05:00,0.0,0.0
2012-07-04T01:45:42-05:00,0.0,0.0
2012-07-04T01:50:42-05:00,0.0,0.0
2012-07-04T01:55:42-05:00,0.0,0.0
2012-07-04T02:00:42-05:00,0.0,0.0
2012-07-04T02:05:42-05:00,0.0,0.0
2012-07-04T02:10:42-05:00,0.0,0.0
2012-07-04T02:15:42-05:00,0.0,0.0
2012-07-04T02:20:42-05:00,0.0,0.0
2012-07-04T02:25:42-05:00,0.0,0.0
2012-07-04T02:30:42-05:00,0.0,0.0
2012-07-04T02:35:42-05:00,0.0,0.0
2012-07-04T02:40:42-05:00,0.0,0.0
2012-07-04T02:45:42-05:00,0.0,0.0
2012-07-04T02:50:42-05:00,0.0,0.0
2012-07-04T02:55:42-05:00,0.0,0.0
2012-07-04T03:00:42-05:00,0.0,0.0
2012-07-04T03:05:42-05:00,0.0,0.0
2012-07-04T03:10:42-05:00,0.0,0.0
2012-07-04T03:15:42-05:00,0.0,0.0
2012-07-04T03:20:42-05:00,0.0,0.0
2012-07-04T03:25:42-05:00,0.0,0.0
2012-07-04T03:30:42-05:00,0.0,0.0
2012-07-04T03:35:42-05:00,0.0,0.0
2012-07-04T03:40:42-05:00,0.0,0.0
2012-07-04T03:45:42-05:00,0.0,0.0
2012-07-04T03:50:42-05:00,0.0,0.0
2012-07-04T03:55:42-05:00,0.0,0.0
2012-07-04T04:00:42-05:00,0.0,0.0
2012-07-04T04:05:42-05:00,0.0,0.0
2012-07-04T04:10:42-05:00,0.0,0.0
2012-07-04T04:15:42-05:00,0.0,0.0
2012-07-04T04:20:42-05:00,0.0,0.0
2012-07-04T04:25:42-05:00,0.0,0.0
2012-07-04T04:30:42-05:00,0.0,0.0
2012-07-04T04:35:42-05:00,0.0,0.0
2012-07-04T04:40:42-05:00,0.0,0.0
2012-07-04T04:45:42-05:00,0.0,0.0
2012-07-04T04:50:42-05:00,0.0,0.0
2012-07-04T04:55:42-05:00,0.0,0.0
2012-07-04T05:00:42-05:00,0.0,0.0
2012-07-04T05:05:42-05:00,0.0,0.0
2012-07-04T05:10:42-05:00,0.0,0.0
2012-07-04T05:15:42-05:00,0.0,0.0
2012-07-04T05:20:42-05:00,0.0,0.0
2012-07-04T05:25:42-05:00,0.0,0.0
2012-07-04T05:30:42-05:00,39.0,2.0
2012-07-04T05:35:42-05:00,51.0,4.0
2012-07-04T05:40:42-05:00,83.0,5.0
2012-07-04T05:45:42-05:00,117.0,9.0
2012-07-04T05:50:42-05:00,145.0,11.0
2012-07-04T05:55:42-05:00,160.0,13.0
2012-07-04T06:00:42-05:00,176.0,13.0
2012-07-04T06:05:42-05:00,158.0,13.0
2012-07-04T06:10:42-05:00,184.0,14.0
2012-07-04T06:15:42-05:00,282.0,19.0
2012-07-04T06:20:42-05:00,313.0,25.0
2012-07-04T06:25:42-05:00,375.0,28.0
2012-07-04T06:30:42-05:00,398.0,32.0
2012-07-04T06:35:42-05:00,451.0,36.0
2012-07-04T06:40:42-05:00,501.0,40.0
2012-07-04T06:45:42-05:00,543.0,43.0
2012-07-04T06:50:42-05:00,573.0,47.0
2012-07-04T06:55:42-05:00,617.0,49.0
2012-07-04T07:00:42-05:00,668.0,54.0
2012-07-04T07:05:42-05:00,702.0,57.0
2012-07-04T07:10:42-05:00,768.0,62.0
2012-07-04T07:15:42-05:00,813.0,66.0
2012-07-04T07:20:42-05:00,868.0,70.0
2012-07-04T07:25:42-05:00,762.0,72.0
2012-07-04T07:30:42-05:00,918.0,69.0
2012-07-04T07:35:42-05:00,530.0,56.0
2012-07-04T07:40:42-05:00,1062.0,66.0
2012-07-04T07:45:42-05:00,746.0,74.0
2012-07-04T07:50:42-05:00,1050.0,72.0
2012-07-04T07:55:42-05:00,902.0,85.0
2012-07-04T08:00:42-05:00,1033.0,65.0
2012-07-04T08:05:42-05:00,1347.0,100.0
2012-07-04T08:10:42-05:00,1341.0,112.0
2012-07-04T08:15:42-05:00,1389.0,113.0
2012-07-04T08:20:42-05:00,578.0,111.0
2012-07-04T08:25:42-05:00,1503.0,113.0
2012-07-04T08:30:42-05:00,1544.0,127.0
2012-07-04T08:35:42-05:00,1575.0,128.0
2012-07-04T08:40:42-05:00,1670.0,132.0
2012-07-04T08:45:42-05:00,1670.0,139.0
2012-07-04T08:50:42-05:00,1648.0,130.0
2012-07-04T08:55:42-05:00,706.0,136.0
2012-07-04T09:00:42-05:00,1700.0,130.0
2012-07-04T09:05:42-05:00,1802.0,149.0
2012-07-04T09:10:42-05:00,1628.0,118.0
2012-07-04T09:15:42-05:00,639.0,110.0
2012-07-04T09:20:42-05:00,589.0,48.0
2012-07-04T09:25:42-05:00,2078.0,67.0
2012-07-04T09:30:42-05:00,762.0,100.0
2012-07-04T09:35:42-05:00,2093.0,151.0
2012-07-04T09:40:42-05:00,2015.0,166.0
2012-07-04T09:45:42-05:00,2029.0,168.0
2012-07-04T09:50:42-05:00,1804.0,160.0
2012-07-04T09:55:42-05:00,1292.0,125.0
2012-07-04T10:00:42-05:00,1539.0,117.0
2012-07-04T10:05:42-05:00,1449.0,125.0
2012-07-04T10:10:42-05:00,1464.0,118.0
2012-07-04T10:15:42-05:00,1336.0,118.0
2012-07-04T10:20:42-05:00,1688.0,125.0
2012-07-04T10:25:42-05:00,1802.0,145.0
2012-07-04T10:30:42-05:00,1622.0,142.0
2012-07-04T10:35:42-05:00,1655.0,143.0
2012-07-04T10:40:42-05:00,1550.0,131.0
2012-07-04T10:45:42-05:00,2021.0,142.0
2012-07-04T10:50:42-05:00,1998.0,168.0
2012-07-04T10:55:42-05:00,796.0,131.0
2012-07-04T11:00:42-05:00,1095.0,83.0
2012-07-04T11:05:42-05:00,1838.0,93.0
2012-07-04T11:10:42-05:00,2343.0,185.0
2012-07-04T11:15:42-05:00,1650.0,164.0
2012-07-04T11:20:42-05:00,1787.0,136.0
2012-07-04T11:25:42-05:00,1470.0,146.0
2012-07-04T11:30:42-05:00,1277.0,115.0
2012-07-04T11:35:42-05:00,959.0,92.0
2012-07-04T11:40:42-05:00,980.0,80.0
2012-07-04T11:45:42-05:00,985.0,82.0
2012-07-04T11:50:42-05:00,994.0,84.0
2012-07-04T11:55:42-05:00,775.0,81.0
2012-07-04T12:00:42-05:00,646.0,57.0
2012-07-04T12:05:42-05:00,721.0,57.0
2012-07-04T12:10:42-05:00,690.0,60.0
2012-07-04T12:15:42-05:00,707.0,53.0
2012-07-04T12:20:42-05:00,902.0,63.0
2012-07-04T12:25:42-05:00,707.0,67.0
2012-07-04T12:30:42-05:00,662.0,56.0
2012-07-04T12:35:42-05:00,777.0,59.0
2012-07-04T12:40:42-05:00,923.0,70.0
2012-07-04T12:45:42-05:00,949.0,81.0
2012-07-04T12:50:42-05:00,863.0,73.0
2012-07-04T12:55:42-05:00,828.0,70.0
2012-07-04T13:00:42-05:00,813.0,69.0
2012-07-04T13:05:42-05:00,797.0,67.0
2012-07-04T13:10:42-05:00,679.0,61.0
2012-07-04T13:15:42-05:00,640.0,54.0
2012-07-04T13:20:42-05:00,735.0,56.0
2012-07-04T13:25:42-05:00,718.0,61.0
2012-07-04T13:30:42-05:00,690.0,60.0
2012-07-04T13:35:42-05:00,733.0,57.0
2012-07-04T13:40:42-05:00,1243.0,75.0
2012-07-04T13:45:42-05:00,1224.0,105.0
2012-07-04T13:50:42-05:00,1041.0,94.0
2012-07-04T13:55:42-05:00,913.0,84.0
2012-07-04T14:00:42-05:00,728.0,68.0
2012-07-04T14:05:42-05:00,717.0,61.0
2012-07-04T14:10:42-05:00,701.0,59.0
2012-07-04T14:15:42-05:00,722.0,59.0
2012-07-04T14:20:42-05:00,762.0,61.0
2012-07-04T14:25:42-05:00,740.0,64.0
2012-07-04T14:30:42-05:00,729.0,61.0
2012-07-04T14:35:42-05:00,745.0,61.0
2012-07-04T14:40:42-05:00,761.0,62.0
2012-07-04T14:45:42-05:00,821.0,66.0
2012-07-04T14:50:42-05:00,902.0,72.0
2012-07-04T14:55:42-05:00,900.0,76.0
2012-07-04T15:00:42-05:00,868.0,74.0
2012-07-04T15:05:42-05:00,882.0,73.0
2012-07-04T15:10:42-05:00,857.0,74.0
2012-07-04T15:15:42-05:00,685.0,62.0
2012-07-04T15:20:42-05:00,613.0,53.0
2012-07-04T15:25:42-05:00,601.0,51.0
2012-07-04T15:30:42-05:00,562.0,49.0
2012-07-04T15:35:42-05:00,518.0,45.0
2012-07-04T15:40:42-05:00,462.0,40.0
2012-07-04T15:45:42-05:00,428.0,37.0
2012-07-04T15:50:42-05:00,412.0,35.0
2012-07-04T15:55:42-05:00,398.0,33.0
2012-07-04T16:00:42-05:00,390.0,33.0
2012-07-04T16:05:42-05:00,379.0,32.0
2012-07-04T16:10:42-05:00,368.0,31.0
2012-07-04T16:15:42-05:00,351.0,31.0
2012-07-04T16:20:42-05:00,337.0,29.0
2012-07-04T16:25:42-05:00,323.0,27.0
2012-07-04T16:30:42-05:00,312.0,27.0
2012-07-04T16:35:42-05:00,298.0,25.0
2012-07-04T16:40:42-05:00,278.0,24.0
2012-07-04T16:45:42-05:00,262.0,22.0
2012-07-04T16:50:42-05:00,253.0,21.0
2012-07-04T16:55:42-05:00,244.0,21.0
2012-07-04T17:00:42-05:00,239.0,20.0
2012-07-04T17:05:42-05:00,217.0,19.0
2012-07-04T17:10:42-05:00,206.0,18.0
2012-07-04T17:15:42-05:00,196.0,17.0
2012-07-04T17:20:42-05:00,195.0,16.0
2012-07-04T17:25:42-05:00,173.0,15.0
2012-07-04T17:30:42-05:00,157.0,14.0
2012-07-04T17:35:42-05:00,152.0,13.0
2012-07-04T17:40:42-05:00,150.0,13.0
2012-07-04T17:45:42-05:00,139.0,12.0
2012-07-04T17:50:42-05:00,127.0,11.0
2012-07-04T17:55:42-05:00,117.0,10.0
2012-07-04T18:00:42-05:00,111.0,9.0
2012-07-04T18:05:42-05:00,100.0,9.0
2012-07-04T18:10:42-05:00,78.0,8.0
2012-07-04T18:15:42-05:00,72.0,7.0
2012-07-04T18:20:42-05:00,61.0,5.0
2012-07-04T18:25:42-05:00,39.0,4.0
2012-07-04T18:30:42-05:00,33.0,3.0
2012-07-04T18:35:42-05:00,22.0,2.0
2012-07-04T18:40:42-05:00,11.0,1.0
2012-07-04T18:45:42-05:00,0.0,1.0
2012-07-04T18:50:42-05:00,0.0,0.0
2012-07-04T18:55:42-05:00,0.0,0.0
2012-07-04T19:00:42-05:00,0.0,0.0
2012-07-04T19:05:42-05:00,0.0,0.0
2012-07-04T19:10:42-05:00,0.0,0.0
2012-07-04T19:15:42-05:00,0.0,0.0
2012-07-04T19:20:42-05:00,0.0,0.0
2012-07-04T19:25:42-05:00,0.0,0.0
2012-07-04T19:30:42-05:00,0.0,0.0
2012-07-04T19:35:42-05:00,0.0,0.0
2012-07-04T19:40:42-05:00,0.0,0.0
2012-07-04T19:45:42-05:00,0.0,0.0
2012-07-04T19:50:42-05:00,0.0,0.0
2012-07-04T19:55:42-05:00,0.0,0.0
2012-07-04T20:00:42-05:00,0.0,0.0
2012-07-04T20:05:42-05:00,0.0,0.0
2012-07-04T20:10:42-05:00,0.0,0.0
2012-07-04T20:15:42-05:00,0.0,0.0
2012-07-04T20:20:42-05:00,0.0,0.0
2012-07-04T20:25:42-05:00,0.0,0.0
2012-07-04T20:30:42-05:00,0.0,0.0
2012-07-04T20:35:42-05:00,0.0,0.0
2012-07-04T20:40:42-05:00,0.0,0.0
2012-07-04T20:45:42-05:00,0.0,0.0
2012-07-04T20:50:42-05:00,0.0,0.0
2012-07-04T20:55:42-05:00,0.0,0.0
2012-07-04T21:00:42-05:00,0.0,0.0
2012-07-04T21:05:42-05:00,0.0,0.0
2012-07-04T21:10:42-05:00,0.0,0.0
2012-07-04T21:15:42-05:00,0.0,0.0
2012-07-04T21:20:42-05:00,0.0,0.0
2012-07-04T21:25:42-05:00,0.0,0.0
2012-07-04T21:30:42-05:00,0.0,0.0
2012-07-04T21:35:42-05:00,0.0,0.0
2012-07-04T21:40:42-05:00,0.0,0.0
2012-07-04T21:45:42-05:00,0.0,0.0
2012-07-04T21:50:42-05:00,0.0,0.0
2012-07-04T21:55:42-05:00,0.0,0.0
2012-07-04T22:00:42-05:00,0.0,0.0
2012-07-04T22:05:42-05:00,0.0,0.0
2012-07-04T22:10:42-05:00,0.0,0.0
2012-07-04T22:15:42-05:00,0.0,0.0
2012-07-04T22:20:42-05:00,0.0,0.0
2012-07-04T22:25:42-05:00,0.0,0.0
2012-07-04T22:30:42-05:00,0.0,0.0
2012-07-04T22:31:00-05:00,0.0,0.0
2012-07-04T22:31:45-05:00,0.0,0.0
2012-07-04T22:36:45-05:00,0.0,0.0
2012-07-04T22:41:45-05:00,0.0,0.0
2012-07-04T22:46:45-05:00,0.0,0.0
2012-07-04T22:51:45-05:00,0.0,0.0
2012-07-04T22:56:45-05:00,0.0,0.0
2012-07-04T23:01:45-05:00,0.0,0.0
2012-07-04T23:06:45-05:00,0.0,0.0
2012-07-04T23:11:45-05:00,0.0,0.0
2012-07-04T23:16:45-05:00,0.0,0.0
2012-07-04T23:21:45-05:00,0.0,0.0
2012-07-04T23:26:45-05:00,0.0,0.0
2012-07-04T23:31:45-05:00,0.0,0.0
2012-07-04T23:36:12-05:00,0.0,0.0
2012-07-04T23:36:59-05:00,0.0,0.0
2012-07-04T23:41:59-05:00,0.0,0.0
2012-07-04T23:46:59-05:00,0.0,0.0
2012-07-04T23:51:59-05:00,0.0,0.0
2012-07-04T23:56:59-05:00,0.0,0.0
2012-07-05T00:01:59-05:00,0.0,0.0
2012-07-05T00:06:59-05:00,0.0,0.0
2012-07-05T00:11:59-05:00,0.0,0.0
2012-07-05T00:16:59-05:00,0.0,0.0
2012-07-05T00:21:59-05:00,0.0,0.0
2012-07-05T00:26:59-05:00,0.0,0.0
2012-07-05T00:31:59-05:00,0.0,0.0
2012-07-05T00:36:59-05:00,0.0,0.0
2012-07-05T00:41:59-05:00,0.0,0.0
2012-07-05T00:46:59-05:00,0.0,0.0
2012-07-05T00:51:59-05:00,0.0,0.0
2012-07-05T00:56:59-05:00,0.0,0.0
2012-07-05T01:01:59-05:00,0.0,0.0
2012-07-05T01:06:59-05:00,0.0,0.0
2012-07-05T01:11:59-05:00,0.0,0.0
2012-07-05T01:16:59-05:00,0.0,0.0
2012-07-05T01:21:59-05:00,0.0,0.0
2012-07-05T01:26:59-05:00,0.0,0.0
2012-07-05T01:31:59-05:00,0.0,0.0
2012-07-05T01:36:59-05:00,0.0,0.0
2012-07-05T01:41:59-05:00,0.0,0.0
2012-07-05T01:46:59-05:00,0.0,0.0
2012-07-05T01:51:59-05:00,0.0,0.0
2012-07-05T01:56:59-05:00,0.0,0.0
2012-07-05T02:01:59-05:00,0.0,0.0
2012-07-05T02:06:59-05:00,0.0,0.0
2012-07-05T02:11:59-05:00,0.0,0.0
2012-07-05T02:16:59-05:00,0.0,0.0
2012-07-05T02:21:59-05:00,0.0,0.0
2012-07-05T02:26:59-05:00,0.0,0.0
2012-07-05T02:31:59-05:00,0.0,0.0
2012-07-05T02:36:59-05:00,0.0,0.0
2012-07-05T02:41:59-05:00,0.0,0.0
2012-07-05T02:46:59-05:00,0.0,0.0
2012-07-05T02:51:59-05:00,0.0,0.0
2012-07-05T02:56:59-05:00,0.0,0.0
2012-07-05T03:01:59-05:00,0.0,0.0
2012-07-05T03:06:59-05:00,0.0,0.0
2012-07-05T03:11:59-05:00,0.0,0.0
2012-07-05T03:16:59-05:00,0.0,0.0
2012-07-05T03:21:59-05:00,0.0,0.0
2012-07-05T03:26:59-05:00,0.0,0.0
2012-07-05T03:31:59-05:00,0.0,0.0
2012-07-05T03:36:59-05:00,0.0,0.0
2012-07-05T03:41:59-05:00,0.0,0.0
2012-07-05T03:46:59-05:00,0.0,0.0
2012-07-05T03:51:59-05:00,0.0,0.0
2012-07-05T03:56:59-05:00,0.0,0.0
2012-07-05T04:01:59-05:00,0.0,0.0
2012-07-05T04:06:59-05:00,0.0,0.0
2012-07-05T04:11:59-05:00,0.0,0.0
2012-07-05T04:16:59-05:00,0.0,0.0
2012-07-05T04:21:59-05:00,0.0,0.0
2012-07-05T04:26:59-05:00,0.0,0.0
2012-07-05T04:31:59-05:00,0.0,0.0
2012-07-05T04:36:59-05:00,0.0,0.0
2012-07-05T04:41:59-05:00,0.0,0.0
2012-07-05T04:46:59-05:00,0.0,0.0
2012-07-05T04:51:59-05:00,0.0,0.0
2012-07-05T04:56:59-05:00,0.0,0.0
2012-07-05T05:01:59-05:00,0.0,0.0
2012-07-05T05:06:59-05:00,0.0,0.0
2012-07-05T05:11:59-05:00,0.0,0.0
2012-07-05T05:16:59-05:00,0.0,0.0
2012-07-05T05:21:59-05:00,0.0,0.0
2012-07-05T05:26:59-05:00,0.0,0.0
2012-07-05T05:31:59-05:00,50.0,1.0
2012-07-05T05:36:59-05:00,61.0,5.0
2012-07-05T05:41:59-05:00,56.0,5.0
2012-07-05T05:46:59-05:00,67.0,5.0
2012-07-05T05:51:59-05:00,84.0,6.0
2012-07-05T05:56:59-05:00,105.0,8.0
2012-07-05T06:01:59-05:00,106.0,9.0
2012-07-05T06:06:59-05:00,128.0,10.0
2012-07-05T06:11:59-05:00,145.0,13.0
2012-07-05T06:16:59-05:00,258.0,16.0
2012-07-05T06:21:59-05:00,272.0,22.0
2012-07-05T06:26:59-05:00,306.0,24.0
2012-07-05T06:31:59-05:00,350.0,28.0
2012-07-05T06:36:59-05:00,378.0,30.0
2012-07-05T06:41:59-05:00,417.0,33.0
2012-07-05T06:46:59-05:00,475.0,38.0
2012-07-05T06:51:59-05:00,495.0,40.0
2012-07-05T06:56:59-05:00,534.0,43.0
2012-07-05T07:01:59-05:00,584.0,46.0
2012-07-05T07:06:59-05:00,645.0,51.0
2012-07-05T07:11:59-05:00,695.0,56.0
2012-07-05T07:16:59-05:00,748.0,61.0
2012-07-05T07:21:59-05:00,795.0,64.0
2012-07-05T07:26:59-05:00,864.0,69.0
2012-07-05T07:31:59-05:00,931.0,74.0
2012-07-05T07:36:59-05:00,973.0,51.0
2012-07-05T07:41:59-05:00,1062.0,82.0
2012-07-05T07:46:59-05:00,1168.0,96.0
2012-07-05T07:51:59-05:00,505.0,46.0
2012-07-05T07:56:59-05:00,1251.0,95.0
2012-07-05T08:01:59-05:00,1372.0,96.0
2012-07-05T08:06:59-05:00,1162.0,73.0
2012-07-05T08:11:59-05:00,1343.0,89.0
2012-07-05T08:16:59-05:00,362.0,48.0
2012-07-05T08:21:59-05:00,466.0,35.0
2012-07-05T08:26:59-05:00,386.0,35.0
2012-07-05T08:31:59-05:00,368.0,31.0
2012-07-05T08:36:59-05:00,382.0,31.0
2012-07-05T08:41:59-05:00,373.0,32.0
2012-07-05T08:46:59-05:00,406.0,32.0
2012-07-05T08:51:59-05:00,519.0,38.0
2012-07-05T08:56:59-05:00,662.0,51.0
2012-07-05T09:01:59-05:00,767.0,60.0
2012-07-05T09:06:59-05:00,741.0,63.0
2012-07-05T09:11:59-05:00,747.0,62.0
2012-07-05T09:16:59-05:00,739.0,62.0
2012-07-05T09:21:59-05:00,729.0,60.0
2012-07-05T09:26:59-05:00,784.0,62.0
2012-07-05T09:31:59-05:00,2110.0,114.0
2012-07-05T09:36:59-05:00,2224.0,178.0
2012-07-05T09:41:59-05:00,2330.0,182.0
2012-07-05T09:46:59-05:00,2312.0,193.0
2012-07-05T09:51:59-05:00,2351.0,176.0
2012-07-05T09:56:59-05:00,724.0,96.0
2012-07-05T10:01:59-05:00,818.0,64.0
2012-07-05T10:06:59-05:00,990.0,119.0
2012-07-05T10:11:59-05:00,2386.0,81.0
2012-07-05T10:16:59-05:00,2305.0,193.0
2012-07-05T10:21:59-05:00,2211.0,143.0
2012-07-05T10:26:59-05:00,2152.0,157.0
2012-07-05T10:31:59-05:00,2194.0,187.0
2012-07-05T10:36:59-05:00,2204.0,181.0
2012-07-05T10:41:59-05:00,2202.0,170.0
2012-07-05T10:46:59-05:00,595.0,60.0
2012-07-05T10:51:59-05:00,2217.0,105.0
2012-07-05T10:56:59-05:00,2241.0,183.0
2012-07-05T11:01:59-05:00,1886.0,182.0
2012-07-05T11:06:59-05:00,2091.0,171.0
2012-07-05T11:11:59-05:00,2190.0,178.0
2012-07-05T11:16:59-05:00,2184.0,184.0
2012-07-05T11:21:59-05:00,2174.0,183.0
2012-07-05T11:26:59-05:00,1924.0,178.0
2012-07-05T11:31:59-05:00,2069.0,167.0
2012-07-05T11:36:59-05:00,2151.0,176.0
2012-07-05T11:41:59-05:00,2168.0,181.0
2012-07-05T11:46:59-05:00,2108.0,177.0
2012-07-05T11:51:59-05:00,2204.0,168.0
2012-07-05T11:56:59-05:00,2169.0,180.0
2012-07-05T12:01:59-05:00,1907.0,177.0
2012-07-05T12:06:59-05:00,2165.0,184.0
2012-07-05T12:11:59-05:00,1256.0,99.0
2012-07-05T12:16:59-05:00,1529.0,163.0
2012-07-05T12:21:59-05:00,1398.0,119.0
2012-07-05T12:26:59-05:00,929.0,90.0
2012-07-05T12:31:59-05:00,1241.0,89.0
2012-07-05T12:36:59-05:00,1768.0,125.0
2012-07-05T12:41:59-05:00,2037.0,168.0
2012-07-05T12:46:59-05:00,2153.0,170.0
2012-07-05T12:51:59-05:00,1899.0,177.0
2012-07-05T12:56:59-05:00,732.0,75.0
2012-07-05T13:01:59-05:00,752.0,67.0
2012-07-05T13:06:59-05:00,2405.0,118.0
2012-07-05T13:11:59-05:00,817.0,178.0
2012-07-05T13:16:59-05:00,2085.0,139.0
2012-07-05T13:21:59-05:00,2140.0,173.0
2012-07-05T13:26:59-05:00,901.0,142.0
2012-07-05T13:31:59-05:00,2108.0,126.0
2012-07-05T13:36:59-05:00,845.0,146.0
2012-07-05T13:41:59-05:00,916.0,104.0
2012-07-05T13:46:59-05:00,1614.0,80.0
2012-07-05T13:51:59-05:00,1657.0,135.0
2012-07-05T13:56:59-05:00,762.0,91.0
2012-07-05T14:01:59-05:00,1433.0,108.0
2012-07-05T14:06:59-05:00,1481.0,119.0
2012-07-05T14:11:59-05:00,1363.0,110.0
2012-07-05T14:16:59-05:00,1406.0,116.0
2012-07-05T14:21:59-05:00,1150.0,110.0
2012-07-05T14:26:59-05:00,1087.0,95.0
2012-07-05T14:31:59-05:00,979.0,85.0
2012-07-05T14:36:59-05:00,947.0,80.0
2012-07-05T14:41:59-05:00,1035.0,83.0
2012-07-05T14:46:59-05:00,847.0,82.0
2012-07-05T14:51:59-05:00,868.0,69.0
2012-07-05T14:56:59-05:00,829.0,72.0
2012-07-05T15:01:59-05:00,831.0,69.0
2012-07-05T15:06:59-05:00,761.0,66.0
2012-07-05T15:11:59-05:00,740.0,64.0
2012-07-05T15:16:59-05:00,879.0,69.0
2012-07-05T15:21:59-05:00,845.0,75.0
2012-07-05T15:26:59-05:00,856.0,72.0
2012-07-05T15:31:59-05:00,823.0,71.0
2012-07-05T15:36:59-05:00,783.0,66.0
2012-07-05T15:41:59-05:00,728.0,65.0
2012-07-05T15:46:59-05:00,728.0,57.0
2012-07-05T15:51:59-05:00,673.0,58.0
2012-07-05T15:56:59-05:00,641.0,55.0
2012-07-05T16:01:59-05:00,592.0,52.0
2012-07-05T16:06:59-05:00,556.0,48.0
2012-07-05T16:11:59-05:00,513.0,44.0
2012-07-05T16:16:59-05:00,468.0,40.0
2012-07-05T16:21:59-05:00,418.0,36.0
2012-07-05T16:26:59-05:00,384.0,33.0
2012-07-05T16:31:59-05:00,336.0,30.0
2012-07-05T16:36:59-05:00,278.0,26.0
2012-07-05T16:41:59-05:00,256.0,23.0
2012-07-05T16:46:59-05:00,228.0,20.0
2012-07-05T16:51:59-05:00,228.0,19.0
2012-07-05T16:56:59-05:00,206.0,18.0
2012-07-05T17:01:59-05:00,193.0,17.0
2012-07-05T17:06:59-05:00,180.0,16.0
2012-07-05T17:11:59-05:00,161.0,14.0
2012-07-05T17:16:59-05:00,152.0,13.0
2012-07-05T17:21:59-05:00,144.0,12.0
2012-07-05T17:26:59-05:00,139.0,12.0
2012-07-05T17:31:59-05:00,121.0,11.0
2012-07-05T17:36:59-05:00,111.0,10.0
2012-07-05T17:41:59-05:00,111.0,9.0
2012-07-05T17:46:59-05:00,100.0,9.0
2012-07-05T17:51:59-05:00,95.0,8.0
2012-07-05T17:56:59-05:00,83.0,8.0
2012-07-05T18:01:59-05:00,78.0,7.0
2012-07-05T18:06:59-05:00,72.0,6.0
2012-07-05T18:11:59-05:00,61.0,6.0
2012-07-05T18:16:59-05:00,50.0,5.0
2012-07-05T18:21:59-05:00,28.0,3.0
2012-07-05T18:26:59-05:00,22.0,2.0
2012-07-05T18:31:59-05:00,17.0,1.0
2012-07-05T18:36:59-05:00,0.0,1.0
2012-07-05T18:41:59-05:00,0.0,0.0
2012-07-05T18:46:59-05:00,0.0,0.0
2012-07-05T18:51:59-05:00,0.0,0.0
2012-07-05T18:56:59-05:00,0.0,0.0
2012-07-05T19:01:59-05:00,0.0,0.0
2012-07-05T19:06:59-05:00,0.0,0.0
2012-07-05T19:11:59-05:00,0.0,0.0
2012-07-05T19:16:59-05:00,0.0,0.0
2012-07-05T19:21:59-05:00,0.0,0.0
2012-07-05T19:26:59-05:00,0.0,0.0
2012-07-05T19:31:59-05:00,0.0,0.0
2012-07-05T19:36:59-05:00,0.0,0.0
2012-07-05T19:41:59-05:00,0.0,0.0
2012-07-05T19:46:59-05:00,0.0,0.0
2012-07-05T19:51:59-05:00,0.0,0.0
2012-07-05T19:56:59-05:00,0.0,0.0
2012-07-05T20:01:59-05:00,0.0,0.0
2012-07-05T20:06:59-05:00,0.0,0.0
2012-07-05T20:11:59-05:00,0.0,0.0
2012-07-05T20:16:59-05:00,0.0,0.0
2012-07-05T20:21:59-05:00,0.0,0.0
2012-07-05T20:26:59-05:00,0.0,0.0
2012-07-05T20:31:59-05:00,0.0,0.0
2012-07-05T20:36:59-05:00,0.0,0.0
2012-07-05T20:41:59-05:00,0.0,0.0
2012-07-05T20:46:59-05:00,0.0,0.0
2012-07-05T20:51:59-05:00,0.0,0.0
2012-07-05T20:56:59-05:00,0.0,0.0
2012-07-05T21:01:59-05:00,0.0,0.0
2012-07-05T21:06:59-05:00,0.0,0.0
2012-07-05T21:11:59-05:00,0.0,0.0
2012-07-05T21:16:59-05:00,0.0,0.0
2012-07-05T21:21:59-05:00,0.0,0.0
2012-07-05T21:26:59-05:00,0.0,0.0
2012-07-05T21:31:59-05:00,0.0,0.0
2012-07-05T21:36:59-05:00,0.0,0.0
2012-07-05T21:41:59-05:00,0.0,0.0
2012-07-05T21:46:59-05:00,0.0,0.0
2012-07-05T21:51:59-05:00,0.0,0.0
2012-07-05T21:56:59-05:00,0.0,0.0
2012-07-05T22:01:59-05:00,0.0,0.0
2012-07-05T22:06:59-05:00,0.0,0.0
2012-07-05T22:11:59-05:00,0.0,0.0
2012-07-05T22:16:59-05:00,0.0,0.0
2012-07-05T22:21:59-05:00,0.0,0.0
2012-07-05T22:26:59-05:00,0.0,0.0
2012-07-05T22:31:59-05:00,0.0,0.0
2012-07-05T22:36:59-05:00,0.0,0.0
2012-07-05T22:41:59-05:00,0.0,0.0
2012-07-05T22:46:59-05:00,0.0,0.0
2012-07-05T22:51:59-05:00,0.0,0.0
2012-07-05T22:56:59-05:00,0.0,0.0
2012-07-05T23:01:59-05:00,0.0,0.0
2012-07-05T23:06:59-05:00,0.0,0.0
2012-07-05T23:11:59-05:00,0.0,0.0
2012-07-05T23:16:59-05:00,0.0,0.0
2012-07-05T23:21:59-05:00,0.0,0.0
2012-07-05T23:26:59-05:00,0.0,0.0
2012-07-05T23:31:59-05:00,0.0,0.0
2012-07-05T23:36:59-05:00,0.0,0.0
2012-07-05T23:41:59-05:00,0.0,0.0
2012-07-05T23:46:59-05:00,0.0,0.0
2012-07-05T23:51:59-05:00,0.0,0.0
2012-07-05T23:56:59-05:00,0.0,0.0
2012-07-06T00:01:59-05:00,0.0,0.0
2012-07-06T00:06:59-05:00,0.0,0.0
2012-07-06T00:11:59-05:00,0.0,0.0
2012-07-06T00:16:59-05:00,0.0,0.0
2012-07-06T00:21:59-05:00,0.0,0.0
2012-07-06T00:26:59-05:00,0.0,0.0
2012-07-06T00:31:59-05:00,0.0,0.0
2012-07-06T00:36:59-05:00,0.0,0.0
2012-07-06T00:41:59-05:00,0.0,0.0
2012-07-06T00:46:59-05:00,0.0,0.0
2012-07-06T00:51:59-05:00,0.0,0.0
2012-07-06T00:56:59-05:00,0.0,0.0
2012-07-06T01:01:59-05:00,0.0,0.0
2012-07-06T01:06:59-05:00,0.0,0.0
2012-07-06T01:11:59-05:00,0.0,0.0
2012-07-06T01:16:59-05:00,0.0,0.0
2012-07-06T01:21:59-05:00,0.0,0.0
2012-07-06T01:26:59-05:00,0.0,0.0
2012-07-06T01:31:59-05:00,0.0,0.0
2012-07-06T01:36:59-05:00,0.0,0.0
2012-07-06T01:41:59-05:00,0.0,0.0
2012-07-06T01:46:59-05:00,0.0,0.0
2012-07-06T01:51:59-05:00,0.0,0.0
2012-07-06T01:56:59-05:00,0.0,0.0
2012-07-06T02:01:59-05:00,0.0,0.0
2012-07-06T02:06:59-05:00,0.0,0.0
2012-07-06T02:11:59-05:00,0.0,0.0
2012-07-06T02:16:59-05:00,0.0,0.0
2012-07-06T02:21:49-05:00,0.0,0.0
2012-07-06T02:26:49-05:00,0.0,0.0
2012-07-06T02:31:49-05:00,0.0,0.0
2012-07-06T02:36:49-05:00,0.0,0.0
2012-07-06T02:41:49-05:00,0.0,0.0
2012-07-06T02:46:49-05:00,0.0,0.0
2012-07-06T02:51:49-05:00,0.0,0.0
2012-07-06T02:56:49-05:00,0.0,0.0
2012-07-06T03:01:49-05:00,0.0,0.0
2012-07-06T03:06:49-05:00,0.0,0.0
2012-07-06T03:11:49-05:00,0.0,0.0
2012-07-06T03:16:49-05:00,0.0,0.0
2012-07-06T03:21:49-05:00,0.0,0.0
2012-07-06T03:26:49-05:00,0.0,0.0
2012-07-06T03:31:49-05:00,0.0,0.0
2012-07-06T03:36:49-05:00,0.0,0.0
2012-07-06T03:41:49-05:00,0.0,0.0
2012-07-06T03:46:49-05:00,0.0,0.0
2012-07-06T03:51:49-05:00,0.0,0.0
2012-07-06T03:56:49-05:00,0.0,0.0
2012-07-06T04:01:49-05:00,0.0,0.0
2012-07-06T04:06:49-05:00,0.0,0.0
2012-07-06T04:11:49-05:00,0.0,0.0
2012-07-06T04:16:49-05:00,0.0,0.0
2012-07-06T04:21:49-05:00,0.0,0.0
2012-07-06T04:26:49-05:00,0.0,0.0
2012-07-06T04:31:49-05:00,0.0,0.0
2012-07-06T04:36:49-05:00,0.0,0.0
2012-07-06T04:41:49-05:00,0.0,0.0
2012-07-06T04:46:49-05:00,0.0,0.0
2012-07-06T04:51:49-05:00,0.0,0.0
2012-07-06T04:56:49-05:00,0.0,0.0
2012-07-06T05:01:49-05:00,0.0,0.0
2012-07-06T05:06:49-05:00,0.0,0.0
2012-07-06T05:11:49-05:00,0.0,0.0
2012-07-06T05:16:49-05:00,0.0,0.0
2012-07-06T05:21:49-05:00,0.0,0.0
2012-07-06T05:26:49-05:00,0.0,0.0
2012-07-06T05:31:49-05:00,0.0,0.0
2012-07-06T05:36:49-05:00,0.0,0.0
2012-07-06T05:41:49-05:00,44.0,2.0
2012-07-06T05:46:49-05:00,61.0,5.0
2012-07-06T05:51:49-05:00,89.0,6.0
2012-07-06T05:56:49-05:00,110.0,9.0
2012-07-06T06:01:49-05:00,165.0,11.0
2012-07-06T06:06:49-05:00,218.0,16.0
2012-07-06T06:11:49-05:00,255.0,20.0
2012-07-06T06:16:49-05:00,295.0,23.0
2012-07-06T06:21:49-05:00,306.0,25.0
2012-07-06T06:26:49-05:00,357.0,27.0
2012-07-06T06:31:49-05:00,418.0,32.0
2012-07-06T06:36:49-05:00,450.0,36.0
2012-07-06T06:41:49-05:00,423.0,38.0
2012-07-06T06:46:49-05:00,478.0,38.0
2012-07-06T06:51:49-05:00,462.0,38.0
2012-07-06T06:56:49-05:00,529.0,41.0
2012-07-06T07:01:49-05:00,618.0,49.0
2012-07-06T07:06:49-05:00,663.0,54.0
2012-07-06T07:11:49-05:00,685.0,55.0
2012-07-06T07:16:49-05:00,719.0,59.0
2012-07-06T07:21:49-05:00,680.0,57.0
2012-07-06T07:26:49-05:00,884.0,66.0
2012-07-06T07:31:49-05:00,851.0,74.0
2012-07-06T07:36:49-05:00,790.0,68.0
2012-07-06T07:41:49-05:00,779.0,66.0
2012-07-06T07:46:49-05:00,828.0,66.0
2012-07-06T07:51:49-05:00,876.0,72.0
2012-07-06T07:56:49-05:00,812.0,70.0
2012-07-06T08:01:49-05:00,784.0,63.0
2012-07-06T08:06:49-05:00,932.0,71.0
2012-07-06T08:11:49-05:00,707.0,72.0
2012-07-06T08:16:49-05:00,973.0,70.0
2012-07-06T08:21:49-05:00,906.0,80.0
2012-07-06T08:26:49-05:00,1090.0,75.0
2012-07-06T08:31:49-05:00,1295.0,100.0
2012-07-06T08:36:49-05:00,1385.0,114.0
2012-07-06T08:41:49-05:00,1434.0,118.0
2012-07-06T08:46:49-05:00,1568.0,128.0
2012-07-06T08:51:49-05:00,1629.0,133.0
2012-07-06T08:56:49-05:00,1468.0,126.0
2012-07-06T09:01:49-05:00,1719.0,128.0
2012-07-06T09:06:49-05:00,1734.0,144.0
2012-07-06T09:11:49-05:00,1774.0,147.0
2012-07-06T09:16:49-05:00,1841.0,151.0
2012-07-06T09:21:49-05:00,1823.0,153.0
2012-07-06T09:26:49-05:00,1819.0,151.0
2012-07-06T09:31:49-05:00,1830.0,151.0
2012-07-06T09:36:49-05:00,1846.0,153.0
2012-07-06T09:41:49-05:00,1878.0,155.0
2012-07-06T09:46:49-05:00,1869.0,156.0
2012-07-06T09:51:49-05:00,1916.0,159.0
2012-07-06T09:56:49-05:00,1908.0,158.0
2012-07-06T10:01:49-05:00,1951.0,162.0
2012-07-06T10:06:49-05:00,1961.0,163.0
2012-07-06T10:11:49-05:00,2018.0,157.0
2012-07-06T10:16:49-05:00,2015.0,168.0
2012-07-06T10:21:49-05:00,1979.0,160.0
2012-07-06T10:26:49-05:00,1985.0,164.0
2012-07-06T10:31:49-05:00,2050.0,166.0
2012-07-06T10:36:49-05:00,2115.0,129.0
2012-07-06T10:41:49-05:00,1934.0,171.0
2012-07-06T10:46:49-05:00,2035.0,165.0
2012-07-06T10:51:49-05:00,1707.0,165.0
2012-07-06T10:56:49-05:00,1334.0,156.0
2012-07-06T11:01:49-05:00,901.0,120.0
2012-07-06T11:06:49-05:00,895.0,73.0
2012-07-06T11:11:49-05:00,1969.0,130.0
2012-07-06T11:16:49-05:00,890.0,109.0
2012-07-06T11:21:49-05:00,2091.0,134.0
2012-07-06T11:26:49-05:00,2106.0,173.0
2012-07-06T11:31:49-05:00,1974.0,175.0
2012-07-06T11:36:49-05:00,1927.0,159.0
2012-07-06T11:41:49-05:00,1753.0,150.0
2012-07-06T11:46:49-05:00,1929.0,154.0
2012-07-06T11:51:49-05:00,1920.0,161.0
2012-07-06T11:56:49-05:00,1901.0,153.0
2012-07-06T12:01:49-05:00,1893.0,158.0
2012-07-06T12:06:49-05:00,1842.0,152.0
2012-07-06T12:11:49-05:00,1803.0,141.0
2012-07-06T12:16:49-05:00,934.0,134.0
2012-07-06T12:21:49-05:00,906.0,76.0
2012-07-06T12:26:49-05:00,1807.0,128.0
2012-07-06T12:31:49-05:00,908.0,104.0
2012-07-06T12:36:49-05:00,1315.0,83.0
2012-07-06T12:41:49-05:00,1755.0,142.0
2012-07-06T12:46:49-05:00,1685.0,144.0
2012-07-06T12:51:49-05:00,841.0,103.0
2012-07-06T12:56:49-05:00,995.0,70.0
2012-07-06T13:01:49-05:00,829.0,113.0
2012-07-06T13:06:49-05:00,579.0,61.0
2012-07-06T13:11:49-05:00,424.0,42.0
2012-07-06T13:16:49-05:00,284.0,28.0
2012-07-06T13:21:49-05:00,196.0,20.0
2012-07-06T13:26:49-05:00,133.0,13.0
2012-07-06T13:31:49-05:00,150.0,11.0
2012-07-06T13:36:49-05:00,195.0,15.0
2012-07-06T13:41:49-05:00,284.0,19.0
2012-07-06T13:46:49-05:00,404.0,28.0
2012-07-06T13:51:49-05:00,467.0,75.0
2012-07-06T13:56:49-05:00,511.0,39.0
2012-07-06T14:01:49-05:00,945.0,56.0
2012-07-06T14:06:49-05:00,395.0,54.0
2012-07-06T14:11:49-05:00,247.0,26.0
2012-07-06T14:16:49-05:00,178.0,17.0
2012-07-06T14:21:49-05:00,121.0,13.0
2012-07-06T14:26:49-05:00,89.0,8.0
2012-07-06T14:31:49-05:00,107.0,8.0
2012-07-06T14:36:49-05:00,83.0,8.0
2012-07-06T14:41:49-05:00,33.0,5.0
2012-07-06T14:46:49-05:00,0.0,1.0
2012-07-06T14:51:49-05:00,0.0,0.0
2012-07-06T14:56:49-05:00,0.0,0.0
2012-07-06T15:01:49-05:00,0.0,0.0
2012-07-06T15:06:49-05:00,0.0,0.0
2012-07-06T15:11:49-05:00,0.0,0.0
2012-07-06T15:16:49-05:00,0.0,0.0
2012-07-06T15:21:49-05:00,0.0,0.0
2012-07-06T15:26:49-05:00,0.0,0.0
2012-07-06T15:31:49-05:00,0.0,0.0
2012-07-06T15:36:49-05:00,0.0,0.0
2012-07-06T15:41:49-05:00,0.0,0.0
2012-07-06T15:46:49-05:00,0.0,0.0
2012-07-06T15:51:49-05:00,0.0,0.0
2012-07-06T15:56:49-05:00,28.0,1.0
2012-07-06T16:01:49-05:00,28.0,3.0
2012-07-06T16:06:49-05:00,28.0,3.0
2012-07-06T16:11:49-05:00,33.0,2.0
2012-07-06T16:16:49-05:00,67.0,4.0
2012-07-06T16:21:49-05:00,100.0,7.0
2012-07-06T16:26:49-05:00,134.0,9.0
2012-07-06T16:31:49-05:00,180.0,13.0
2012-07-06T16:36:49-05:00,230.0,17.0
2012-07-06T16:41:49-05:00,227.0,19.0
2012-07-06T16:46:49-05:00,195.0,17.0
2012-07-06T16:51:49-05:00,171.0,15.0
2012-07-06T16:56:49-05:00,156.0,14.0
2012-07-06T17:01:49-05:00,150.0,13.0
2012-07-06T17:06:49-05:00,139.0,12.0
2012-07-06T17:11:49-05:00,121.0,11.0
2012-07-06T17:16:49-05:00,128.0,10.0
2012-07-06T17:21:49-05:00,111.0,10.0
2012-07-06T17:26:49-05:00,110.0,9.0
2012-07-06T17:31:49-05:00,95.0,8.0
2012-07-06T17:36:49-05:00,84.0,7.0
2012-07-06T17:41:49-05:00,78.0,7.0
2012-07-06T17:46:49-05:00,72.0,6.0
2012-07-06T17:51:49-05:00,67.0,6.0
2012-07-06T17:56:49-05:00,50.0,5.0
2012-07-06T18:01:49-05:00,44.0,4.0
2012-07-06T18:06:49-05:00,33.0,3.0
2012-07-06T18:11:49-05:00,22.0,2.0
2012-07-06T18:16:49-05:00,17.0,2.0
2012-07-06T18:21:49-05:00,11.0,1.0
2012-07-06T18:26:49-05:00,5.0,1.0
2012-07-06T18:31:49-05:00,0.0,0.0
2012-07-06T18:36:49-05:00,0.0,0.0
2012-07-06T18:41:49-05:00,0.0,0.0
2012-07-06T18:46:49-05:00,0.0,0.0
2012-07-06T18:51:49-05:00,0.0,0.0
2012-07-06T18:56:49-05:00,0.0,0.0
2012-07-06T19:01:49-05:00,0.0,0.0
2012-07-06T19:06:49-05:00,0.0,0.0
2012-07-06T19:11:49-05:00,0.0,0.0
2012-07-06T19:16:49-05:00,0.0,0.0
2012-07-06T19:21:49-05:00,0.0,0.0
2012-07-06T19:26:49-05:00,0.0,0.0
2012-07-06T19:31:49-05:00,0.0,0.0
2012-07-06T19:36:49-05:00,0.0,0.0
2012-07-06T19:41:49-05:00,0.0,0.0
2012-07-06T19:46:49-05:00,0.0,0.0
2012-07-06T19:51:49-05:00,0.0,0.0
2012-07-06T19:56:49-05:00,0.0,0.0
2012-07-06T20:01:49-05:00,0.0,0.0
2012-07-06T20:06:49-05:00,0.0,0.0
2012-07-06T20:11:49-05:00,0.0,0.0
2012-07-06T20:16:49-05:00,0.0,0.0
2012-07-06T20:21:49-05:00,0.0,0.0
2012-07-06T20:26:49-05:00,0.0,0.0
2012-07-06T20:31:49-05:00,0.0,0.0
2012-07-06T20:36:49-05:00,0.0,0.0
2012-07-06T20:41:49-05:00,0.0,0.0
2012-07-06T20:46:49-05:00,0.0,0.0
2012-07-06T20:51:49-05:00,0.0,0.0
2012-07-06T20:56:49-05:00,0.0,0.0
2012-07-06T21:01:49-05:00,0.0,0.0
2012-07-06T21:06:49-05:00,0.0,0.0
2012-07-06T21:11:49-05:00,0.0,0.0
2012-07-06T21:16:49-05:00,0.0,0.0
2012-07-06T21:21:49-05:00,0.0,0.0
2012-07-06T21:26:49-05:00,0.0,0.0
2012-07-06T21:31:49-05:00,0.0,0.0
2012-07-06T21:36:49-05:00,0.0,0.0
2012-07-06T21:41:49-05:00,0.0,0.0
2012-07-06T21:46:49-05:00,0.0,0.0
2012-07-06T21:51:49-05:00,0.0,0.0
2012-07-06T21:56:49-05:00,0.0,0.0
2012-07-06T22:01:49-05:00,0.0,0.0
2012-07-06T22:06:49-05:00,0.0,0.0
2012-07-06T22:11:49-05:00,0.0,0.0
2012-07-06T22:16:49-05:00,0.0,0.0
2012-07-06T22:21:49-05:00,0.0,0.0
2012-07-06T22:26:49-05:00,0.0,0.0
2012-07-06T22:31:49-05:00,0.0,0.0
2012-07-06T22:36:49-05:00,0.0,0.0
2012-07-06T22:41:49-05:00,0.0,0.0
2012-07-06T22:46:49-05:00,0.0,0.0
2012-07-06T22:51:49-05:00,0.0,0.0
2012-07-06T22:56:49-05:00,0.0,0.0
2012-07-06T23:01:49-05:00,0.0,0.0
2012-07-06T23:06:49-05:00,0.0,0.0
2012-07-06T23:11:49-05:00,0.0,0.0
2012-07-06T23:16:49-05:00,0.0,0.0
2012-07-06T23:21:49-05:00,0.0,0.0
2012-07-06T23:26:49-05:00,0.0,0.0
2012-07-06T23:31:49-05:00,0.0,0.0
2012-07-06T23:36:49-05:00,0.0,0.0
2012-07-06T23:41:49-05:00,0.0,0.0
2012-07-06T23:46:49-05:00,0.0,0.0
2012-07-06T23:51:49-05:00,0.0,0.0
2012-07-06T23:56:49-05:00,0.0,0.0
2012-07-07T00:01:49-05:00,0.0,0.0
2012-07-07T00:06:49-05:00,0.0,0.0
2012-07-07T00:11:49-05:00,0.0,0.0
2012-07-07T00:16:49-05:00,0.0,0.0
2012-07-07T00:21:49-05:00,0.0,0.0
2012-07-07T00:26:49-05:00,0.0,0.0
2012-07-07T00:31:49-05:00,0.0,0.0
2012-07-07T00:36:49-05:00,0.0,0.0
2012-07-07T00:41:49-05:00,0.0,0.0
2012-07-07T00:46:49-05:00,0.0,0.0
2012-07-07T00:51:49-05:00,0.0,0.0
2012-07-07T00:56:49-05:00,0.0,0.0
2012-07-07T01:01:49-05:00,0.0,0.0
2012-07-07T01:06:49-05:00,0.0,0.0
2012-07-07T01:11:49-05:00,0.0,0.0
2012-07-07T01:16:49-05:00,0.0,0.0
2012-07-07T01:21:49-05:00,0.0,0.0
2012-07-07T01:26:49-05:00,0.0,0.0
2012-07-07T01:31:49-05:00,0.0,0.0
2012-07-07T01:36:49-05:00,0.0,0.0
2012-07-07T01:41:49-05:00,0.0,0.0
2012-07-07T01:46:49-05:00,0.0,0.0
2012-07-07T01:51:49-05:00,0.0,0.0
2012-07-07T01:56:49-05:00,0.0,0.0
2012-07-07T02:01:49-05:00,0.0,0.0
2012-07-07T02:06:49-05:00,0.0,0.0
2012-07-07T02:11:49-05:00,0.0,0.0
2012-07-07T02:16:49-05:00,0.0,0.0
2012-07-07T02:21:49-05:00,0.0,0.0
2012-07-07T02:26:49-05:00,0.0,0.0
2012-07-07T02:31:49-05:00,0.0,0.0
2012-07-07T02:36:49-05:00,0.0,0.0
2012-07-07T02:41:49-05:00,0.0,0.0
2012-07-07T02:46:49-05:00,0.0,0.0
2012-07-07T02:51:49-05:00,0.0,0.0
2012-07-07T02:56:49-05:00,0.0,0.0
2012-07-07T03:01:49-05:00,0.0,0.0
2012-07-07T03:06:49-05:00,0.0,0.0
2012-07-07T03:11:49-05:00,0.0,0.0
2012-07-07T03:16:49-05:00,0.0,0.0
2012-07-07T03:21:49-05:00,0.0,0.0
2012-07-07T03:26:49-05:00,0.0,0.0
2012-07-07T03:31:49-05:00,0.0,0.0
2012-07-07T03:36:49-05:00,0.0,0.0
2012-07-07T03:41:49-05:00,0.0,0.0
2012-07-07T03:46:49-05:00,0.0,0.0
2012-07-07T03:51:49-05:00,0.0,0.0
2012-07-07T03:56:49-05:00,0.0,0.0
2012-07-07T04:01:49-05:00,0.0,0.0
2012-07-07T04:06:49-05:00,0.0,0.0
2012-07-07T04:11:49-05:00,0.0,0.0
2012-07-07T04:16:49-05:00,0.0,0.0
2012-07-07T04:21:49-05:00,0.0,0.0
2012-07-07T04:26:49-05:00,0.0,0.0
2012-07-07T04:31:49-05:00,0.0,0.0
2012-07-07T04:36:49-05:00,0.0,0.0
2012-07-07T04:41:49-05:00,0.0,0.0
2012-07-07T04:46:49-05:00,0.0,0.0
2012-07-07T04:51:49-05:00,0.0,0.0
2012-07-07T04:56:49-05:00,0.0,0.0
2012-07-07T05:01:49-05:00,0.0,0.0
2012-07-07T05:06:49-05:00,0.0,0.0
2012-07-07T05:11:49-05:00,0.0,0.0
2012-07-07T05:16:49-05:00,0.0,0.0
2012-07-07T05:21:49-05:00,0.0,0.0
2012-07-07T05:26:49-05:00,0.0,0.0
2012-07-07T05:31:49-05:00,39.0,0.0
2012-07-07T05:36:49-05:00,56.0,4.0
2012-07-07T05:41:49-05:00,72.0,5.0
2012-07-07T05:46:49-05:00,106.0,7.0
2012-07-07T05:51:49-05:00,117.0,10.0
2012-07-07T05:56:49-05:00,156.0,11.0
2012-07-07T06:01:49-05:00,217.0,16.0
2012-07-07T06:06:49-05:00,267.0,21.0
2012-07-07T06:11:49-05:00,319.0,24.0
2012-07-07T06:16:49-05:00,361.0,28.0
2012-07-07T06:21:49-05:00,389.0,32.0
2012-07-07T06:26:49-05:00,413.0,34.0
2012-07-07T06:31:49-05:00,472.0,37.0
2012-07-07T06:36:49-05:00,523.0,41.0
2012-07-07T06:41:49-05:00,563.0,45.0
2012-07-07T06:46:49-05:00,585.0,47.0
2012-07-07T06:51:49-05:00,662.0,53.0
2012-07-07T06:56:49-05:00,708.0,57.0
2012-07-07T07:01:49-05:00,737.0,60.0
2012-07-07T07:06:49-05:00,477.0,56.0
2012-07-07T07:11:49-05:00,623.0,49.0
2012-07-07T07:16:49-05:00,667.0,58.0
2012-07-07T07:21:49-05:00,551.0,64.0
2012-07-07T07:26:49-05:00,473.0,40.0
2012-07-07T07:31:49-05:00,478.0,38.0
2012-07-07T07:36:49-05:00,979.0,49.0
2012-07-07T07:41:49-05:00,1124.0,96.0
2012-07-07T07:46:49-05:00,1209.0,101.0
2012-07-07T07:51:49-05:00,1092.0,95.0
2012-07-07T07:56:49-05:00,879.0,86.0
2012-07-07T08:01:49-05:00,1246.0,91.0
2012-07-07T08:06:49-05:00,1200.0,104.0
2012-07-07T08:11:49-05:00,1085.0,96.0
2012-07-07T08:16:49-05:00,1147.0,86.0
2012-07-07T08:21:49-05:00,1462.0,80.0
2012-07-07T08:26:49-05:00,1501.0,124.0
2012-07-07T08:31:49-05:00,1451.0,123.0
2012-07-07T08:36:49-05:00,1172.0,127.0
2012-07-07T08:41:49-05:00,773.0,82.0
2012-07-07T08:46:49-05:00,1180.0,93.0
2012-07-07T08:51:49-05:00,984.0,83.0
2012-07-07T08:56:49-05:00,1087.0,100.0
2012-07-07T09:01:49-05:00,479.0,55.0
2012-07-07T09:06:49-05:00,406.0,37.0
2012-07-07T09:11:49-05:00,556.0,37.0
2012-07-07T09:16:49-05:00,1257.0,60.0
2012-07-07T09:21:49-05:00,936.0,76.0
2012-07-07T09:26:49-05:00,1988.0,112.0
2012-07-07T09:31:49-05:00,1824.0,160.0
2012-07-07T09:36:49-05:00,1777.0,145.0
2012-07-07T09:41:49-05:00,2049.0,160.0
2012-07-07T09:46:49-05:00,1930.0,168.0
2012-07-07T09:51:49-05:00,1290.0,113.0
2012-07-07T09:56:49-05:00,1384.0,127.0
2012-07-07T10:01:49-05:00,763.0,75.0
2012-07-07T10:06:49-05:00,1839.0,116.0
2012-07-07T10:11:49-05:00,685.0,89.0
2012-07-07T10:16:49-05:00,494.0,56.0
2012-07-07T10:21:49-05:00,342.0,35.0
2012-07-07T10:26:49-05:00,234.0,22.0
2012-07-07T10:31:49-05:00,230.0,19.0
2012-07-07T10:36:49-05:00,237.0,20.0
2012-07-07T10:41:49-05:00,208.0,18.0
2012-07-07T10:46:49-05:00,206.0,17.0
2012-07-07T10:51:49-05:00,201.0,16.0
2012-07-07T10:56:49-05:00,239.0,18.0
2012-07-07T11:01:49-05:00,241.0,20.0
2012-07-07T11:06:49-05:00,197.0,18.0
2012-07-07T11:11:49-05:00,173.0,15.0
2012-07-07T11:16:49-05:00,195.0,16.0
2012-07-07T11:21:49-05:00,183.0,15.0
2012-07-07T11:26:49-05:00,196.0,16.0
2012-07-07T11:31:49-05:00,195.0,17.0
2012-07-07T11:36:49-05:00,195.0,17.0
2012-07-07T11:41:49-05:00,200.0,17.0
2012-07-07T11:46:49-05:00,217.0,17.0
2012-07-07T11:51:49-05:00,223.0,18.0
2012-07-07T11:56:49-05:00,250.0,20.0
2012-07-07T12:01:49-05:00,270.0,22.0
2012-07-07T12:06:49-05:00,295.0,23.0
2012-07-07T12:11:49-05:00,339.0,27.0
2012-07-07T12:16:49-05:00,373.0,30.0
2012-07-07T12:21:49-05:00,408.0,32.0
2012-07-07T12:26:49-05:00,437.0,35.0
2012-07-07T12:31:49-05:00,469.0,38.0
2012-07-07T12:36:49-05:00,473.0,39.0
2012-07-07T12:41:49-05:00,484.0,40.0
2012-07-07T12:46:49-05:00,511.0,41.0
2012-07-07T12:51:49-05:00,579.0,45.0
2012-07-07T12:56:49-05:00,645.0,51.0
2012-07-07T13:01:49-05:00,684.0,55.0
2012-07-07T13:06:49-05:00,723.0,58.0
2012-07-07T13:11:49-05:00,768.0,62.0
2012-07-07T13:16:49-05:00,801.0,65.0
2012-07-07T13:21:49-05:00,809.0,67.0
2012-07-07T13:26:49-05:00,817.0,68.0
2012-07-07T13:31:49-05:00,827.0,69.0
2012-07-07T13:36:49-05:00,843.0,70.0
2012-07-07T13:41:49-05:00,903.0,72.0
2012-07-07T13:46:49-05:00,973.0,78.0
2012-07-07T13:51:49-05:00,1025.0,81.0
2012-07-07T13:56:49-05:00,1031.0,85.0
2012-07-07T14:01:49-05:00,1033.0,85.0
2012-07-07T14:06:49-05:00,1136.0,90.0
2012-07-07T14:11:49-05:00,1284.0,101.0
2012-07-07T14:16:49-05:00,1410.0,112.0
2012-07-07T14:21:49-05:00,1491.0,121.0
2012-07-07T14:26:49-05:00,1518.0,125.0
2012-07-07T14:31:49-05:00,1457.0,124.0
2012-07-07T14:36:49-05:00,1395.0,121.0
2012-07-07T14:41:49-05:00,1457.0,118.0
2012-07-07T14:46:49-05:00,1451.0,122.0
2012-07-07T14:51:49-05:00,1468.0,122.0
2012-07-07T14:56:49-05:00,1446.0,121.0
2012-07-07T15:01:49-05:00,1354.0,116.0
2012-07-07T15:06:49-05:00,1273.0,109.0
2012-07-07T15:11:49-05:00,1196.0,103.0
2012-07-07T15:16:49-05:00,1156.0,99.0
2012-07-07T15:21:49-05:00,936.0,77.0
2012-07-07T15:26:49-05:00,1181.0,93.0
2012-07-07T15:31:49-05:00,1164.0,97.0
2012-07-07T15:36:49-05:00,1144.0,96.0
2012-07-07T15:41:49-05:00,1112.0,95.0
2012-07-07T15:46:49-05:00,991.0,86.0
2012-07-07T15:51:49-05:00,819.0,76.0
2012-07-07T15:56:49-05:00,910.0,73.0
2012-07-07T16:01:49-05:00,735.0,73.0
2012-07-07T16:06:49-05:00,645.0,55.0
2012-07-07T16:11:49-05:00,652.0,57.0
2012-07-07T16:16:49-05:00,652.0,57.0
2012-07-07T16:21:49-05:00,702.0,58.0
2012-07-07T16:26:49-05:00,635.0,57.0
2012-07-07T16:31:49-05:00,376.0,43.0
2012-07-07T16:36:49-05:00,289.0,27.0
2012-07-07T16:41:49-05:00,225.0,20.0
2012-07-07T16:46:49-05:00,286.0,21.0
2012-07-07T16:51:49-05:00,493.0,31.0
2012-07-07T16:56:49-05:00,648.0,54.0
2012-07-07T17:01:49-05:00,587.0,52.0
2012-07-07T17:06:49-05:00,539.0,47.0
2012-07-07T17:11:49-05:00,478.0,42.0
2012-07-07T17:16:49-05:00,414.0,37.0
2012-07-07T17:21:49-05:00,373.0,32.0
2012-07-07T17:26:49-05:00,350.0,30.0
2012-07-07T17:31:49-05:00,361.0,29.0
2012-07-07T17:36:49-05:00,361.0,31.0
2012-07-07T17:41:49-05:00,343.0,29.0
2012-07-07T17:46:49-05:00,312.0,27.0
2012-07-07T17:51:49-05:00,279.0,24.0
2012-07-07T17:56:49-05:00,230.0,21.0
2012-07-07T18:01:49-05:00,180.0,17.0
2012-07-07T18:06:49-05:00,128.0,13.0
2012-07-07T18:11:49-05:00,84.0,8.0
2012-07-07T18:16:49-05:00,44.0,5.0
2012-07-07T18:21:49-05:00,22.0,3.0
2012-07-07T18:26:49-05:00,16.0,2.0
2012-07-07T18:31:49-05:00,11.0,1.0
2012-07-07T18:36:49-05:00,0.0,0.0
2012-07-07T18:41:49-05:00,0.0,0.0
2012-07-07T18:46:49-05:00,0.0,0.0
2012-07-07T18:51:49-05:00,0.0,0.0
2012-07-07T18:56:49-05:00,0.0,0.0
2012-07-07T19:01:49-05:00,0.0,0.0
2012-07-07T19:06:49-05:00,0.0,0.0
2012-07-07T19:11:49-05:00,0.0,0.0
2012-07-07T19:16:49-05:00,0.0,0.0
2012-07-07T19:21:49-05:00,0.0,0.0
2012-07-07T19:26:49-05:00,0.0,0.0
2012-07-07T19:31:49-05:00,0.0,0.0
2012-07-07T19:36:49-05:00,0.0,0.0
2012-07-07T19:41:49-05:00,0.0,0.0
2012-07-07T19:46:49-05:00,0.0,0.0
2012-07-07T19:51:49-05:00,0.0,0.0
2012-07-07T19:56:49-05:00,0.0,0.0
2012-07-07T20:01:49-05:00,0.0,0.0
2012-07-07T20:06:49-05:00,0.0,0.0
2012-07-07T20:11:49-05:00,0.0,0.0
2012-07-07T20:16:49-05:00,0.0,0.0
2012-07-07T20:21:49-05:00,0.0,0.0
2012-07-07T20:26:49-05:00,0.0,0.0
2012-07-07T20:31:49-05:00,0.0,0.0
2012-07-07T20:36:49-05:00,0.0,0.0
2012-07-07T20:41:49-05:00,0.0,0.0
2012-07-07T20:46:49-05:00,0.0,0.0
2012-07-07T20:51:49-05:00,0.0,0.0
2012-07-07T20:56:49-05:00,0.0,0.0
2012-07-07T21:01:49-05:00,0.0,0.0
2012-07-07T21:06:49-05:00,0.0,0.0
2012-07-07T21:11:49-05:00,0.0,0.0
2012-07-07T21:16:49-05:00,0.0,0.0
2012-07-07T21:21:49-05:00,0.0,0.0
2012-07-07T21:26:49-05:00,0.0,0.0
2012-07-07T21:31:49-05:00,0.0,0.0
2012-07-07T21:36:49-05:00,0.0,0.0
2012-07-07T21:41:49-05:00,0.0,0.0
2012-07-07T21:46:49-05:00,0.0,0.0
2012-07-07T21:51:49-05:00,0.0,0.0
2012-07-07T21:56:49-05:00,0.0,0.0
2012-07-07T22:01:49-05:00,0.0,0.0
2012-07-07T22:06:49-05:00,0.0,0.0
2012-07-07T22:11:49-05:00,0.0,0.0
2012-07-07T22:16:49-05:00,0.0,0.0
2012-07-07T22:21:41-05:00,0.0,0.0
2012-07-07T22:26:41-05:00,0.0,0.0
2012-07-07T22:31:41-05:00,0.0,0.0
2012-07-07T22:36:41-05:00,0.0,0.0
2012-07-07T22:41:41-05:00,0.0,0.0
2012-07-07T22:46:41-05:00,0.0,0.0
2012-07-07T22:51:41-05:00,0.0,0.0
2012-07-07T22:56:41-05:00,0.0,0.0
2012-07-07T23:01:41-05:00,0.0,0.0
2012-07-07T23:06:41-05:00,0.0,0.0
2012-07-07T23:11:41-05:00,0.0,0.0
2012-07-07T23:16:41-05:00,0.0,0.0
2012-07-07T23:21:41-05:00,0.0,0.0
2012-07-07T23:26:41-05:00,0.0,0.0
2012-07-07T23:31:41-05:00,0.0,0.0
2012-07-07T23:36:41-05:00,0.0,0.0
2012-07-07T23:41:41-05:00,0.0,0.0
2012-07-07T23:46:41-05:00,0.0,0.0
2012-07-07T23:51:41-05:00,0.0,0.0
2012-07-07T23:56:41-05:00,0.0,0.0
2012-07-08T00:01:41-05:00,0.0,0.0
2012-07-08T00:06:41-05:00,0.0,0.0
2012-07-08T00:11:41-05:00,0.0,0.0
2012-07-08T00:16:41-05:00,0.0,0.0
2012-07-08T00:21:41-05:00,0.0,0.0
2012-07-08T00:26:41-05:00,0.0,0.0
2012-07-08T00:31:41-05:00,0.0,0.0
2012-07-08T00:36:41-05:00,0.0,0.0
2012-07-08T00:41:41-05:00,0.0,0.0
2012-07-08T00:46:41-05:00,0.0,0.0
2012-07-08T00:51:41-05:00,0.0,0.0
2012-07-08T00:56:41-05:00,0.0,0.0
2012-07-08T01:01:41-05:00,0.0,0.0
2012-07-08T01:06:41-05:00,0.0,0.0
2012-07-08T01:11:41-05:00,0.0,0.0
2012-07-08T01:16:41-05:00,0.0,0.0
2012-07-08T01:21:41-05:00,0.0,0.0
2012-07-08T01:26:41-05:00,0.0,0.0
2012-07-08T01:31:41-05:00,0.0,0.0
2012-07-08T01:36:41-05:00,0.0,0.0
2012-07-08T01:41:41-05:00,0.0,0.0
2012-07-08T01:46:41-05:00,0.0,0.0
2012-07-08T01:51:41-05:00,0.0,0.0
2012-07-08T01:56:41-05:00,0.0,0.0
2012-07-08T02:01:41-05:00,0.0,0.0
2012-07-08T02:06:41-05:00,0.0,0.0
2012-07-08T02:11:41-05:00,0.0,0.0
2012-07-08T02:16:41-05:00,0.0,0.0
2012-07-08T02:21:41-05:00,0.0,0.0
2012-07-08T02:26:41-05:00,0.0,0.0
2012-07-08T02:31:41-05:00,0.0,0.0
2012-07-08T02:36:41-05:00,0.0,0.0
2012-07-08T02:41:41-05:00,0.0,0.0
2012-07-08T02:46:41-05:00,0.0,0.0
2012-07-08T02:51:41-05:00,0.0,0.0
2012-07-08T02:56:41-05:00,0.0,0.0
2012-07-08T03:01:41-05:00,0.0,0.0
2012-07-08T03:06:41-05:00,0.0,0.0
2012-07-08T03:11:41-05:00,0.0,0.0
2012-07-08T03:16:41-05:00,0.0,0.0
2012-07-08T03:21:41-05:00,0.0,0.0
2012-07-08T03:26:41-05:00,0.0,0.0
2012-07-08T03:31:41-05:00,0.0,0.0
2012-07-08T03:36:41-05:00,0.0,0.0
2012-07-08T03:41:41-05:00,0.0,0.0
2012-07-08T03:46:41-05:00,0.0,0.0
2012-07-08T03:51:41-05:00,0.0,0.0
2012-07-08T03:56:41-05:00,0.0,0.0
2012-07-08T04:01:41-05:00,0.0,0.0
2012-07-08T04:06:41-05:00,0.0,0.0
2012-07-08T04:11:41-05:00,0.0,0.0
2012-07-08T04:16:41-05:00,0.0,0.0
2012-07-08T04:21:41-05:00,0.0,0.0
2012-07-08T04:26:41-05:00,0.0,0.0
2012-07-08T04:31:41-05:00,0.0,0.0
2012-07-08T04:36:41-05:00,0.0,0.0
2012-07-08T04:41:41-05:00,0.0,0.0
2012-07-08T04:46:41-05:00,0.0,0.0
2012-07-08T04:51:41-05:00,0.0,0.0
2012-07-08T04:56:41-05:00,0.0,0.0
2012-07-08T05:01:41-05:00,0.0,0.0
2012-07-08T05:06:41-05:00,0.0,0.0
2012-07-08T05:11:41-05:00,0.0,0.0
2012-07-08T05:16:41-05:00,0.0,0.0
2012-07-08T05:21:41-05:00,0.0,0.0
2012-07-08T05:26:41-05:00,0.0,0.0
2012-07-08T05:31:41-05:00,0.0,0.0
2012-07-08T05:36:41-05:00,33.0,0.0
2012-07-08T05:41:41-05:00,45.0,3.0
2012-07-08T05:46:41-05:00,62.0,4.0
2012-07-08T05:51:41-05:00,94.0,7.0
2012-07-08T05:56:41-05:00,143.0,10.0
2012-07-08T06:01:41-05:00,169.0,13.0
2012-07-08T06:06:41-05:00,189.0,14.0
2012-07-08T06:11:41-05:00,213.0,17.0
2012-07-08T06:16:41-05:00,217.0,18.0
2012-07-08T06:21:41-05:00,264.0,20.0
2012-07-08T06:26:41-05:00,289.0,23.0
2012-07-08T06:31:41-05:00,345.0,26.0
2012-07-08T06:36:41-05:00,395.0,31.0
2012-07-08T06:41:41-05:00,317.0,29.0
2012-07-08T06:46:41-05:00,311.0,26.0
2012-07-08T06:51:41-05:00,306.0,26.0
2012-07-08T06:56:41-05:00,295.0,25.0
2012-07-08T07:01:41-05:00,289.0,24.0
2012-07-08T07:06:41-05:00,295.0,24.0
2012-07-08T07:11:41-05:00,283.0,24.0
2012-07-08T07:16:41-05:00,301.0,25.0
2012-07-08T07:21:41-05:00,298.0,25.0
2012-07-08T07:26:41-05:00,294.0,25.0
2012-07-08T07:31:41-05:00,303.0,25.0
2012-07-08T07:36:41-05:00,323.0,26.0
2012-07-08T07:41:41-05:00,350.0,28.0
2012-07-08T07:46:41-05:00,359.0,30.0
2012-07-08T07:51:41-05:00,367.0,30.0
2012-07-08T07:56:41-05:00,378.0,31.0
2012-07-08T08:01:41-05:00,408.0,33.0
2012-07-08T08:06:41-05:00,422.0,35.0
2012-07-08T08:11:41-05:00,428.0,36.0
2012-07-08T08:16:41-05:00,411.0,36.0
2012-07-08T08:21:41-05:00,345.0,31.0
2012-07-08T08:26:41-05:00,329.0,28.0
2012-07-08T08:31:41-05:00,334.0,27.0
2012-07-08T08:36:41-05:00,379.0,29.0
2012-07-08T08:41:41-05:00,440.0,34.0
2012-07-08T08:46:41-05:00,505.0,38.0
2012-07-08T08:51:41-05:00,580.0,45.0
2012-07-08T08:56:41-05:00,630.0,51.0
2012-07-08T09:01:41-05:00,662.0,54.0
2012-07-08T09:06:41-05:00,605.0,53.0
2012-07-08T09:11:41-05:00,623.0,51.0
2012-07-08T09:16:41-05:00,590.0,52.0
2012-07-08T09:21:41-05:00,484.0,42.0
2012-07-08T09:26:41-05:00,678.0,47.0
2012-07-08T09:31:41-05:00,812.0,63.0
2012-07-08T09:36:41-05:00,889.0,71.0
2012-07-08T09:41:41-05:00,956.0,77.0
2012-07-08T09:46:41-05:00,973.0,81.0
2012-07-08T09:51:41-05:00,958.0,80.0
2012-07-08T09:56:41-05:00,1051.0,84.0
2012-07-08T10:01:41-05:00,1135.0,90.0
2012-07-08T10:06:41-05:00,1329.0,99.0
2012-07-08T10:11:41-05:00,1474.0,117.0
2012-07-08T10:16:41-05:00,1507.0,119.0
2012-07-08T10:21:41-05:00,1557.0,117.0
2012-07-08T10:26:41-05:00,1546.0,127.0
2012-07-08T10:31:41-05:00,1846.0,143.0
2012-07-08T10:36:41-05:00,851.0,105.0
2012-07-08T10:41:41-05:00,948.0,89.0
2012-07-08T10:46:41-05:00,1765.0,124.0
2012-07-08T10:51:41-05:00,1529.0,134.0
2012-07-08T10:56:41-05:00,1833.0,136.0
2012-07-08T11:01:41-05:00,1913.0,158.0
2012-07-08T11:06:41-05:00,1034.0,117.0
2012-07-08T11:11:41-05:00,722.0,72.0
2012-07-08T11:16:41-05:00,1340.0,66.0
2012-07-08T11:21:41-05:00,701.0,64.0
2012-07-08T11:26:41-05:00,736.0,58.0
2012-07-08T11:31:41-05:00,934.0,119.0
2012-07-08T11:36:41-05:00,856.0,70.0
2012-07-08T11:41:41-05:00,981.0,105.0
2012-07-08T11:46:41-05:00,1166.0,130.0
2012-07-08T11:51:41-05:00,2691.0,160.0
2012-07-08T11:56:41-05:00,2557.0,214.0
2012-07-08T12:01:41-05:00,2367.0,186.0
2012-07-08T12:06:41-05:00,2142.0,190.0
2012-07-08T12:11:41-05:00,2413.0,197.0
2012-07-08T12:16:41-05:00,2304.0,197.0
2012-07-08T12:21:41-05:00,2310.0,192.0
2012-07-08T12:26:41-05:00,578.0,125.0
2012-07-08T12:31:41-05:00,418.0,41.0
2012-07-08T12:36:41-05:00,353.0,30.0
2012-07-08T12:41:41-05:00,300.0,27.0
2012-07-08T12:46:41-05:00,368.0,27.0
2012-07-08T12:51:41-05:00,667.0,45.0
2012-07-08T12:56:41-05:00,612.0,58.0
2012-07-08T13:01:41-05:00,845.0,57.0
2012-07-08T13:06:41-05:00,629.0,51.0
2012-07-08T13:11:41-05:00,892.0,92.0
2012-07-08T13:16:41-05:00,489.0,84.0
2012-07-08T13:21:41-05:00,524.0,41.0
2012-07-08T13:26:41-05:00,384.0,72.0
2012-07-08T13:31:41-05:00,323.0,28.0
2012-07-08T13:36:41-05:00,313.0,27.0
2012-07-08T13:41:41-05:00,200.0,21.0
2012-07-08T13:46:41-05:00,160.0,14.0
2012-07-08T13:51:41-05:00,182.0,14.0
2012-07-08T13:56:41-05:00,259.0,18.0
2012-07-08T14:01:41-05:00,306.0,26.0
2012-07-08T14:06:41-05:00,111.0,18.0
2012-07-08T14:11:41-05:00,56.0,5.0
2012-07-08T14:16:41-05:00,99.0,6.0
2012-07-08T14:21:41-05:00,125.0,11.0
2012-07-08T14:26:41-05:00,50.0,6.0
2012-07-08T14:31:41-05:00,22.0,3.0
2012-07-08T14:36:41-05:00,11.0,1.0
2012-07-08T14:41:41-05:00,0.0,0.0
2012-07-08T14:46:41-05:00,0.0,0.0
2012-07-08T14:51:41-05:00,0.0,0.0
2012-07-08T14:56:41-05:00,0.0,0.0
2012-07-08T15:01:41-05:00,0.0,0.0
2012-07-08T15:06:41-05:00,0.0,0.0
2012-07-08T15:11:41-05:00,0.0,0.0
2012-07-08T15:16:41-05:00,0.0,0.0
2012-07-08T15:21:41-05:00,0.0,0.0
2012-07-08T15:26:41-05:00,0.0,0.0
2012-07-08T15:31:41-05:00,0.0,0.0
2012-07-08T15:36:41-05:00,0.0,0.0
2012-07-08T15:41:41-05:00,0.0,0.0
2012-07-08T15:46:41-05:00,-11.0,0.0
2012-07-08T15:51:41-05:00,28.0,2.0
2012-07-08T15:56:41-05:00,33.0,2.0
2012-07-08T16:01:41-05:00,33.0,3.0
2012-07-08T16:06:41-05:00,33.0,3.0
2012-07-08T16:11:41-05:00,39.0,3.0
2012-07-08T16:16:41-05:00,45.0,3.0
2012-07-08T16:21:41-05:00,50.0,4.0
2012-07-08T16:26:41-05:00,61.0,5.0
2012-07-08T16:31:41-05:00,78.0,6.0
2012-07-08T16:36:41-05:00,89.0,7.0
2012-07-08T16:41:41-05:00,99.0,8.0
2012-07-08T16:46:41-05:00,111.0,9.0
2012-07-08T16:51:41-05:00,120.0,10.0
2012-07-08T16:56:41-05:00,128.0,10.0
2012-07-08T17:01:41-05:00,122.0,11.0
2012-07-08T17:06:41-05:00,128.0,11.0
2012-07-08T17:11:41-05:00,120.0,10.0
2012-07-08T17:16:41-05:00,120.0,10.0
2012-07-08T17:21:41-05:00,117.0,10.0
2012-07-08T17:26:41-05:00,112.0,10.0
2012-07-08T17:31:41-05:00,106.0,9.0
2012-07-08T17:36:41-05:00,100.0,9.0
2012-07-08T17:41:41-05:00,94.0,8.0
2012-07-08T17:46:41-05:00,83.0,7.0
2012-07-08T17:51:41-05:00,78.0,7.0
2012-07-08T17:56:41-05:00,72.0,6.0
2012-07-08T18:01:41-05:00,72.0,6.0
2012-07-08T18:06:41-05:00,67.0,6.0
2012-07-08T18:11:41-05:00,67.0,6.0
2012-07-08T20:16:44-05:00,0.0,15.0
2012-07-08T20:21:44-05:00,0.0,0.0
2012-07-08T21:35:47-05:00,0.0,10.0
2012-07-08T21:40:47-05:00,0.0,0.0
2012-07-08T21:45:47-05:00,0.0,0.0
2012-07-08T21:50:47-05:00,0.0,0.0
2012-07-08T21:55:47-05:00,0.0,0.0
2012-07-08T22:00:47-05:00,0.0,0.0
2012-07-08T22:05:47-05:00,0.0,0.0
2012-07-08T22:10:47-05:00,0.0,0.0
2012-07-08T22:15:47-05:00,0.0,0.0
2012-07-08T22:20:47-05:00,0.0,0.0
2012-07-08T22:25:47-05:00,0.0,0.0
2012-07-08T22:30:47-05:00,0.0,0.0
2012-07-08T22:35:47-05:00,0.0,0.0
2012-07-08T22:40:47-05:00,0.0,0.0
2012-07-08T22:45:47-05:00,0.0,0.0
2012-07-08T22:50:47-05:00,0.0,0.0
2012-07-08T22:55:47-05:00,0.0,0.0
2012-07-08T23:00:47-05:00,0.0,0.0
2012-07-08T23:05:47-05:00,0.0,0.0
2012-07-08T23:10:47-05:00,0.0,0.0
2012-07-08T23:15:47-05:00,0.0,0.0
2012-07-08T23:20:47-05:00,0.0,0.0
2012-07-08T23:25:47-05:00,0.0,0.0
2012-07-08T23:30:47-05:00,0.0,0.0
2012-07-08T23:35:47-05:00,0.0,0.0
2012-07-08T23:40:47-05:00,0.0,0.0
2012-07-08T23:45:47-05:00,0.0,0.0
2012-07-08T23:50:47-05:00,0.0,0.0
2012-07-08T23:55:47-05:00,0.0,0.0
2012-07-09T00:00:47-05:00,0.0,0.0
2012-07-09T00:05:47-05:00,0.0,0.0
2012-07-09T00:10:47-05:00,0.0,0.0
2012-07-09T00:15:47-05:00,0.0,0.0
2012-07-09T00:20:47-05:00,0.0,0.0
2012-07-09T00:25:47-05:00,0.0,0.0
2012-07-09T00:30:47-05:00,0.0,0.0
2012-07-09T00:35:47-05:00,0.0,0.0
2012-07-09T00:40:47-05:00,0.0,0.0
2012-07-09T00:45:47-05:00,0.0,0.0
2012-07-09T00:50:47-05:00,0.0,0.0
2012-07-09T00:55:47-05:00,0.0,0.0
2012-07-09T01:00:47-05:00,0.0,0.0
2012-07-09T01:05:47-05:00,0.0,0.0
2012-07-09T01:10:47-05:00,0.0,0.0
2012-07-09T01:15:47-05:00,0.0,0.0
2012-07-09T01:20:47-05:00,0.0,0.0
2012-07-09T01:25:47-05:00,0.0,0.0
2012-07-09T01:30:47-05:00,0.0,0.0
2012-07-09T01:35:47-05:00,0.0,0.0
2012-07-09T01:40:47-05:00,0.0,0.0
2012-07-09T01:45:47-05:00,0.0,0.0
2012-07-09T01:50:47-05:00,0.0,0.0
2012-07-09T01:55:47-05:00,0.0,0.0
2012-07-09T02:00:47-05:00,0.0,0.0
2012-07-09T02:05:47-05:00,0.0,0.0
2012-07-09T02:10:47-05:00,0.0,0.0
2012-07-09T02:15:47-05:00,0.0,0.0
2012-07-09T02:20:47-05:00,0.0,0.0
2012-07-09T02:25:47-05:00,0.0,0.0
2012-07-09T02:30:47-05:00,0.0,0.0
2012-07-09T02:35:47-05:00,0.0,0.0
2012-07-09T02:40:47-05:00,0.0,0.0
2012-07-09T02:45:47-05:00,0.0,0.0
2012-07-09T02:50:47-05:00,0.0,0.0
2012-07-09T02:55:47-05:00,0.0,0.0
2012-07-09T03:00:47-05:00,0.0,0.0
2012-07-09T03:05:47-05:00,0.0,0.0
2012-07-09T03:10:47-05:00,0.0,0.0
2012-07-09T03:15:47-05:00,0.0,0.0
2012-07-09T03:20:47-05:00,0.0,0.0
2012-07-09T03:25:47-05:00,0.0,0.0
2012-07-09T03:30:47-05:00,0.0,0.0
2012-07-09T03:35:47-05:00,0.0,0.0
2012-07-09T03:40:47-05:00,0.0,0.0
2012-07-09T03:45:47-05:00,0.0,0.0
2012-07-09T03:50:47-05:00,0.0,0.0
2012-07-09T03:55:47-05:00,0.0,0.0
2012-07-09T04:00:47-05:00,0.0,0.0
2012-07-09T04:05:47-05:00,0.0,0.0
2012-07-09T04:10:47-05:00,0.0,0.0
2012-07-09T04:15:47-05:00,0.0,0.0
2012-07-09T04:20:47-05:00,0.0,0.0
2012-07-09T04:25:47-05:00,0.0,0.0
2012-07-09T04:30:47-05:00,0.0,0.0
2012-07-09T04:35:47-05:00,0.0,0.0
2012-07-09T04:40:47-05:00,0.0,0.0
2012-07-09T04:45:47-05:00,0.0,0.0
2012-07-09T04:50:47-05:00,0.0,0.0
2012-07-09T04:55:47-05:00,0.0,0.0
2012-07-09T05:00:47-05:00,0.0,0.0
2012-07-09T05:05:47-05:00,0.0,0.0
2012-07-09T05:10:47-05:00,0.0,0.0
2012-07-09T05:15:47-05:00,0.0,0.0
2012-07-09T05:20:47-05:00,0.0,0.0
2012-07-09T05:25:47-05:00,0.0,0.0
2012-07-09T05:30:47-05:00,0.0,0.0
2012-07-09T05:35:47-05:00,0.0,0.0
2012-07-09T05:40:47-05:00,0.0,0.0
2012-07-09T05:45:47-05:00,33.0,1.0
2012-07-09T05:50:47-05:00,38.0,3.0
2012-07-09T05:55:47-05:00,50.0,4.0
2012-07-09T06:00:47-05:00,61.0,5.0
2012-07-09T06:05:47-05:00,79.0,6.0
2012-07-09T06:10:47-05:00,89.0,7.0
2012-07-09T06:15:47-05:00,111.0,8.0
2012-07-09T06:20:47-05:00,128.0,10.0
2012-07-09T06:25:47-05:00,152.0,12.0
2012-07-09T06:30:47-05:00,194.0,14.0
2012-07-09T06:35:47-05:00,238.0,18.0
2012-07-09T06:40:47-05:00,309.0,23.0
2012-07-09T06:45:47-05:00,387.0,29.0
2012-07-09T06:50:47-05:00,442.0,35.0
2012-07-09T06:55:47-05:00,530.0,37.0
2012-07-09T07:00:47-05:00,474.0,45.0
2012-07-09T07:05:47-05:00,487.0,39.0
2012-07-09T07:10:47-05:00,548.0,48.0
2012-07-09T07:15:47-05:00,473.0,41.0
2012-07-09T07:20:47-05:00,479.0,40.0
2012-07-09T07:25:47-05:00,752.0,46.0
2012-07-09T07:30:47-05:00,534.0,45.0
2012-07-09T07:35:47-05:00,604.0,47.0
2012-07-09T07:40:47-05:00,646.0,60.0
2012-07-09T07:45:47-05:00,751.0,61.0
2012-07-09T07:50:47-05:00,627.0,59.0
2012-07-09T07:55:47-05:00,496.0,46.0
2012-07-09T08:00:47-05:00,417.0,37.0
2012-07-09T08:05:47-05:00,529.0,36.0
2012-07-09T08:10:47-05:00,872.0,58.0
2012-07-09T08:15:47-05:00,891.0,76.0
2012-07-09T08:20:47-05:00,774.0,66.0
2012-07-09T08:25:47-05:00,824.0,68.0
2012-07-09T08:30:47-05:00,872.0,71.0
2012-07-09T08:35:47-05:00,930.0,76.0
2012-07-09T08:40:47-05:00,937.0,78.0
2012-07-09T08:45:47-05:00,839.0,78.0
2012-07-09T08:50:47-05:00,918.0,73.0
2012-07-09T08:55:47-05:00,1162.0,76.0
2012-07-09T09:00:47-05:00,1359.0,103.0
2012-07-09T09:05:47-05:00,1128.0,102.0
2012-07-09T09:10:47-05:00,2138.0,132.0
2012-07-09T09:15:47-05:00,1997.0,169.0
2012-07-09T09:20:47-05:00,1961.0,164.0
2012-07-09T09:25:47-05:00,1961.0,163.0
2012-07-09T09:30:47-05:00,1448.0,163.0
2012-07-09T09:35:47-05:00,2094.0,145.0
2012-07-09T09:40:47-05:00,1964.0,166.0
2012-07-09T09:45:47-05:00,2015.0,167.0
2012-07-09T09:50:47-05:00,2017.0,167.0
2012-07-09T09:55:47-05:00,2034.0,167.0
2012-07-09T10:00:47-05:00,2110.0,172.0
2012-07-09T10:05:47-05:00,2082.0,173.0
2012-07-09T10:10:47-05:00,2169.0,177.0
2012-07-09T10:15:47-05:00,1910.0,174.0
2012-07-09T10:20:47-05:00,824.0,101.0
2012-07-09T10:25:47-05:00,1211.0,70.0
2012-07-09T10:30:47-05:00,1025.0,99.0
2012-07-09T10:35:47-05:00,920.0,73.0
2012-07-09T10:40:47-05:00,734.0,68.0
2012-07-09T10:45:47-05:00,340.0,43.0
2012-07-09T10:50:47-05:00,501.0,34.0
2012-07-09T10:55:47-05:00,584.0,45.0
2012-07-09T11:00:47-05:00,607.0,50.0
2012-07-09T11:05:47-05:00,662.0,52.0
2012-07-09T11:10:47-05:00,678.0,56.0
2012-07-09T11:15:47-05:00,690.0,57.0
2012-07-09T11:20:47-05:00,726.0,59.0
2012-07-09T11:25:47-05:00,711.0,60.0
2012-07-09T11:30:47-05:00,927.0,70.0
2012-07-09T11:35:47-05:00,1085.0,85.0
2012-07-09T11:40:47-05:00,1274.0,97.0
2012-07-09T11:45:47-05:00,1502.0,117.0
2012-07-09T11:50:47-05:00,1503.0,119.0
2012-07-09T11:55:47-05:00,1570.0,131.0
2012-07-09T12:00:47-05:00,1246.0,117.0
2012-07-09T12:05:47-05:00,1097.0,99.0
2012-07-09T12:10:47-05:00,988.0,95.0
2012-07-09T12:15:47-05:00,795.0,74.0
2012-07-09T12:20:47-05:00,863.0,72.0
2012-07-09T12:25:47-05:00,790.0,64.0
2012-07-09T12:30:47-05:00,617.0,55.0
2012-07-09T12:35:47-05:00,721.0,57.0
2012-07-09T12:40:47-05:00,472.0,49.0
2012-07-09T12:45:47-05:00,478.0,38.0
2012-07-09T12:50:47-05:00,473.0,42.0
2012-07-09T12:55:47-05:00,206.0,26.0
2012-07-09T13:00:47-05:00,139.0,13.0
2012-07-09T13:05:47-05:00,199.0,14.0
2012-07-09T13:10:47-05:00,131.0,15.0
2012-07-09T13:15:47-05:00,89.0,9.0
2012-07-09T13:20:47-05:00,118.0,8.0
2012-07-09T13:25:47-05:00,283.0,15.0
2012-07-09T13:30:47-05:00,641.0,42.0
2012-07-09T13:35:47-05:00,744.0,58.0
2012-07-09T13:40:47-05:00,823.0,67.0
2012-07-09T13:45:47-05:00,858.0,70.0
2012-07-09T13:50:47-05:00,827.0,71.0
2012-07-09T13:55:47-05:00,813.0,70.0
2012-07-09T14:00:47-05:00,1123.0,75.0
2012-07-09T14:05:47-05:00,862.0,74.0
2012-07-09T14:10:47-05:00,900.0,73.0
2012-07-09T14:15:47-05:00,1043.0,78.0
2012-07-09T14:20:47-05:00,1265.0,97.0
2012-07-09T14:25:47-05:00,863.0,102.0
2012-07-09T14:30:47-05:00,751.0,68.0
2012-07-09T14:35:47-05:00,668.0,59.0
2012-07-09T14:40:47-05:00,640.0,54.0
2012-07-09T14:45:47-05:00,664.0,54.0
2012-07-09T14:50:47-05:00,774.0,60.0
2012-07-09T14:55:47-05:00,836.0,67.0
2012-07-09T15:00:47-05:00,951.0,73.0
2012-07-09T15:05:47-05:00,1213.0,89.0
2012-07-09T15:10:47-05:00,988.0,93.0
2012-07-09T15:15:47-05:00,902.0,75.0
2012-07-09T15:20:47-05:00,757.0,68.0
2012-07-09T15:25:47-05:00,763.0,63.0
2012-07-09T15:30:47-05:00,607.0,65.0
2012-07-09T15:35:47-05:00,685.0,56.0
2012-07-09T15:40:47-05:00,602.0,54.0
2012-07-09T15:45:47-05:00,587.0,49.0
2012-07-09T15:50:47-05:00,572.0,48.0
2012-07-09T15:55:47-05:00,585.0,47.0
2012-07-09T16:00:47-05:00,416.0,40.0
2012-07-09T16:05:47-05:00,494.0,44.0
2012-07-09T16:10:47-05:00,394.0,34.0
2012-07-09T16:15:47-05:00,434.0,34.0
2012-07-09T16:20:47-05:00,551.0,40.0
2012-07-09T16:25:47-05:00,484.0,45.0
2012-07-09T16:30:47-05:00,523.0,42.0
2012-07-09T16:35:47-05:00,462.0,41.0
2012-07-09T16:40:47-05:00,442.0,38.0
2012-07-09T16:45:47-05:00,395.0,35.0
2012-07-09T16:50:47-05:00,371.0,32.0
2012-07-09T16:55:47-05:00,351.0,32.0
2012-07-09T17:00:47-05:00,278.0,24.0
2012-07-09T17:05:47-05:00,239.0,20.0
2012-07-09T17:10:47-05:00,217.0,20.0
2012-07-09T17:15:47-05:00,216.0,18.0
2012-07-09T17:20:47-05:00,239.0,19.0
2012-07-09T17:25:47-05:00,226.0,20.0
2012-07-09T17:30:47-05:00,195.0,18.0
2012-07-09T17:35:47-05:00,159.0,15.0
2012-07-09T17:40:47-05:00,145.0,13.0
2012-07-09T17:45:47-05:00,137.0,12.0
2012-07-09T17:50:47-05:00,111.0,10.0
2012-07-09T17:55:47-05:00,95.0,9.0
2012-07-09T18:00:47-05:00,88.0,8.0
2012-07-09T18:05:47-05:00,60.0,6.0
2012-07-09T18:10:47-05:00,43.0,4.0
2012-07-09T18:15:47-05:00,34.0,3.0
2012-07-09T18:20:47-05:00,33.0,3.0
2012-07-09T18:25:47-05:00,22.0,2.0
2012-07-09T18:30:47-05:00,28.0,2.0
2012-07-09T18:35:47-05:00,22.0,2.0
2012-07-09T18:40:47-05:00,11.0,2.0
2012-07-09T18:45:47-05:00,5.0,1.0
2012-07-09T18:50:47-05:00,0.0,0.0
2012-07-09T18:55:47-05:00,0.0,0.0
2012-07-09T19:00:47-05:00,0.0,0.0
2012-07-09T19:05:47-05:00,0.0,0.0
2012-07-09T19:10:47-05:00,0.0,0.0
2012-07-09T19:15:47-05:00,0.0,0.0
2012-07-09T19:20:47-05:00,0.0,0.0
2012-07-09T19:25:47-05:00,0.0,0.0
2012-07-09T19:30:47-05:00,0.0,0.0
2012-07-09T19:35:47-05:00,0.0,0.0
2012-07-09T19:40:47-05:00,0.0,0.0
2012-07-09T19:45:47-05:00,0.0,0.0
2012-07-09T19:50:47-05:00,0.0,0.0
2012-07-09T19:55:47-05:00,0.0,0.0
2012-07-09T20:00:47-05:00,0.0,0.0
2012-07-09T20:05:47-05:00,0.0,0.0
2012-07-09T20:10:47-05:00,0.0,0.0
2012-07-09T20:15:47-05:00,0.0,0.0
2012-07-09T20:20:47-05:00,0.0,0.0
2012-07-09T20:25:47-05:00,0.0,0.0
2012-07-09T20:30:47-05:00,0.0,0.0
2012-07-09T20:35:47-05:00,0.0,0.0
2012-07-09T20:40:47-05:00,0.0,0.0
2012-07-09T20:45:47-05:00,0.0,0.0
2012-07-09T20:50:47-05:00,0.0,0.0
2012-07-09T20:55:47-05:00,0.0,0.0
2012-07-09T21:00:47-05:00,0.0,0.0
2012-07-09T21:05:47-05:00,0.0,0.0
2012-07-09T21:10:47-05:00,0.0,0.0
2012-07-09T21:15:47-05:00,0.0,0.0
2012-07-09T21:20:47-05:00,0.0,0.0
2012-07-09T21:25:47-05:00,0.0,0.0
2012-07-09T21:30:47-05:00,0.0,0.0
2012-07-09T21:35:47-05:00,0.0,0.0
2012-07-09T21:40:47-05:00,0.0,0.0
2012-07-09T21:45:47-05:00,0.0,0.0
2012-07-09T21:50:47-05:00,0.0,0.0
2012-07-09T21:55:47-05:00,0.0,0.0
2012-07-09T22:00:47-05:00,0.0,0.0
2012-07-09T22:05:47-05:00,0.0,0.0
2012-07-09T22:10:47-05:00,0.0,0.0
2012-07-09T22:15:47-05:00,0.0,0.0
2012-07-09T22:20:47-05:00,0.0,0.0
2012-07-09T22:25:47-05:00,0.0,0.0
2012-07-09T22:30:47-05:00,0.0,0.0
2012-07-09T22:35:47-05:00,0.0,0.0
2012-07-09T22:40:47-05:00,0.0,0.0
2012-07-09T22:45:47-05:00,0.0,0.0
2012-07-09T22:50:47-05:00,0.0,0.0
2012-07-09T22:55:47-05:00,0.0,0.0
2012-07-09T23:00:47-05:00,0.0,0.0
2012-07-09T23:05:47-05:00,0.0,0.0
2012-07-09T23:10:47-05:00,0.0,0.0
2012-07-09T23:15:47-05:00,0.0,0.0
2012-07-09T23:20:47-05:00,0.0,0.0
2012-07-09T23:25:47-05:00,0.0,0.0
2012-07-09T23:30:47-05:00,0.0,0.0
2012-07-09T23:35:47-05:00,0.0,0.0
2012-07-09T23:40:47-05:00,0.0,0.0
2012-07-09T23:45:47-05:00,0.0,0.0
2012-07-09T23:50:47-05:00,0.0,0.0
2012-07-09T23:55:47-05:00,0.0,0.0
